"fixed acidity";"volatile acidity";"citric acid";"residual sugar";"chlorides";"free sulfur dioxide";"total sulfur dioxide";"density";"pH";"sulphates";"alcohol";"quality"
6.3;0.3;0.34;1.6;0.049;14;132;0.994;3.3;0.49;9.5;6
7.2;0.23;0.32;8.5;0.058;47;186;0.9956;3.19;0.4;9.9;6
8.1;0.28;0.4;6.9;0.05;30;97;0.9951;3.26;0.44;10.1;6
6.2;0.32;0.16;7;0.045;30;136;0.9949;3.18;0.47;9.6;6
7;0.27;0.36;20.7;0.045;45;170;1.001;3;0.45;8.8;6
6.3;0.3;0.34;1.6;0.049;14;132;0.994;3.3;0.49;9.5;6
8.1;0.22;0.43;1.5;0.044;28;129;0.9938;3.22;0.45;11;6
8.6;0.23;0.4;4.2;0.035;17;109;0.9947;3.14;0.53;9.7;5
6.2;0.66;0.48;1.2;0.029;29;75;0.9892;3.33;0.39;12.8;8
6.2;0.66;0.48;1.2;0.029;29;75;0.9892;3.33;0.39;12.8;8
6.6;0.27;0.41;1.3;0.052;16;142;0.9951;3.42;0.47;10;6
7;0.25;0.32;9;0.046;56;245;0.9955;3.25;0.5;10.4;6
7.4;0.27;0.48;1.1;0.047;17;132;0.9914;3.19;0.49;11.6;6
7.4;0.25;0.36;2.05;0.05;31;100;0.992;3.19;0.44;10.8;6
7.3;0.28;0.43;1.7;0.08;21;123;0.9905;3.19;0.42;12.8;5
6.5;0.39;0.23;5.4;0.051;25;149;0.9934;3.24;0.35;10;5
7.4;0.18;0.31;1.4;0.058;38;167;0.9931;3.16;0.53;10;7
7;0.31;0.26;7.4;0.069;28;160;0.9954;3.13;0.46;9.8;6
6.8;0.2;0.59;0.9;0.147;38;132;0.993;3.05;0.38;9.1;6
6.9;0.25;0.35;1.3;0.039;29;191;0.9908;3.13;0.52;11;6
6;0.19;0.26;12.4;0.048;50;147;0.9972;3.3;0.36;8.9;6
6.2;0.27;0.43;7.8;0.056;48;244;0.9956;3.1;0.51;9;6
6;0.27;0.28;4.8;0.063;31;201;0.9964;3.69;0.71;10;5
7.4;0.18;0.3;8.8;0.064;26;103;0.9961;2.94;0.56;9.3;5
7.1;0.2;0.34;16;0.05;51;166;0.9985;3.21;0.6;9.2;6
7.3;0.22;0.3;8.2;0.047;42;207;0.9966;3.33;0.46;9.5;6
7.1;0.44;0.62;11.8;0.044;52;152;0.9975;3.12;0.46;8.7;6
6.9;0.24;0.33;1.7;0.035;47;136;0.99;3.26;0.4;12.6;7
9.8;0.36;0.46;10.5;0.038;4;83;0.9956;2.89;0.3;10.1;4
7.1;0.12;0.32;9.6;0.054;64;162;0.9962;3.4;0.41;9.4;5
7.4;0.25;0.37;13.5;0.06;52;192;0.9975;3;0.44;9.1;5
7.1;0.23;0.35;16.5;0.04;60;171;0.999;3.16;0.59;9.1;6
7.2;0.27;0.46;18.75;0.052;45;255;1;3.04;0.52;8.9;5
7.2;0.31;0.5;13.3;0.056;68;195;0.9982;3.01;0.47;9.2;5
5.5;0.485;0;1.5;0.065;8;103;0.994;3.63;0.4;9.7;4
7;0.14;0.4;1.7;0.035;16;85;0.9911;3.19;0.42;11.8;6
5.9;0.36;0.04;5.7;0.046;21;87;0.9934;3.22;0.51;10.2;5
6.9;0.19;0.28;5;0.058;14;146;0.9952;3.29;0.36;9.1;6
6.4;0.13;0.47;1.6;0.092;40;158;0.9928;3.21;0.36;9.8;6
6.5;0.24;0.32;7.6;0.038;48;203;0.9958;3.45;0.54;9.7;7
6.1;0.3;0.56;2.7;0.046;46;184;0.9924;3.31;0.57;10.9;6
6.8;0.27;0.22;8.1;0.034;55;203;0.9961;3.19;0.52;8.9;5
7.1;0.37;0.67;10.5;0.045;49;155;0.9975;3.16;0.44;8.7;5
6.8;0.19;0.36;1.9;0.035;30;96;0.9917;3.15;0.54;10.8;7
7.9;0.21;0.4;1.2;0.039;38;107;0.992;3.21;0.54;10.8;6
6.3;0.255;0.37;1.1;0.04;37;114;0.9905;3;0.39;10.9;6
6.9;0.25;0.3;4.1;0.054;23;116;0.994;2.99;0.38;9.4;6
6.1;0.32;0.24;1.5;0.036;38;124;0.9898;3.29;0.42;12.4;7
6.7;0.24;0.35;13.1;0.05;64;205;0.997;3.15;0.5;9.5;5
6.7;0.46;0.18;2.4;0.034;25;98;0.9896;3.08;0.44;12.6;7
7.6;0.48;0.37;0.8;0.037;4;100;0.9902;3.03;0.39;11.4;4
7.2;0.32;0.47;5.1;0.044;19;65;0.991;3.03;0.41;12.6;4
5.9;0.23;0.3;12.9;0.054;57;170;0.9972;3.28;0.39;9.4;5
6.8;0.28;0.4;22;0.048;48;167;1.001;2.93;0.5;8.7;5
6.8;0.26;0.56;11.9;0.043;64;226;0.997;3.02;0.63;9.3;5
6.6;0.28;0.28;8.5;0.052;55;211;0.9962;3.09;0.55;8.9;6
6.9;0.54;0.32;13.2;0.05;53;236;0.9973;3.2;0.5;9.6;5
5.8;0.26;0.24;9.2;0.044;55;152;0.9961;3.31;0.38;9.4;5
5.7;0.28;0.24;17.5;0.044;60;167;0.9989;3.31;0.44;9.4;5
6.2;0.25;0.25;1.4;0.03;35;105;0.9912;3.3;0.44;11.1;7
7.1;0.25;0.32;10.3;0.041;66;272;0.9969;3.17;0.52;9.1;6
7.2;0.23;0.38;14.3;0.058;55;194;0.9979;3.09;0.44;9;6
7;0.26;0.59;1.4;0.037;40;120;0.9918;3.34;0.41;11.1;7
7.1;0.21;0.37;2.4;0.026;23;100;0.9903;3.15;0.38;11.4;7
5.6;0.19;0.26;1.4;0.03;12;76;0.9905;3.25;0.37;10.9;7
5.8;0.36;0.38;0.9;0.037;3;75;0.9904;3.28;0.34;11.4;4
7.2;0.29;0.4;13.6;0.045;66;231;0.9977;3.08;0.59;9.6;6
6.2;0.24;0.35;1.2;0.038;22;167;0.9912;3.1;0.48;10.6;6
7;0.3;0.49;4.7;0.036;17;105;0.9916;3.26;0.68;12.4;7
7.1;0.35;0.24;15.4;0.055;46;198;0.9988;3.12;0.49;8.8;5
6.5;0.28;0.33;15.7;0.053;51;190;0.9978;3.22;0.51;9.7;6
7.2;0.23;0.39;14.2;0.058;49;192;0.9979;2.98;0.48;9;7
7.2;0.23;0.39;14.2;0.058;49;192;0.9979;2.98;0.48;9;7
6;0.29;0.21;1.3;0.055;42;168;0.9914;3.32;0.43;11.1;6
6.2;0.31;0.26;4.8;0.037;36;148;0.9928;3.21;0.41;10.4;6
6.1;0.36;0.27;2.1;0.035;16;100;0.9917;3.4;0.71;11.5;7
6.8;0.25;0.34;4.7;0.031;34;134;0.9927;3.21;0.38;10.6;6
6.3;0.23;0.33;1.5;0.036;15;105;0.991;3.32;0.42;11.2;6
5.9;0.26;0.4;1.3;0.047;12;139;0.9945;3.45;0.53;10.4;5
6.4;0.26;0.42;9.7;0.044;30;140;0.9962;3.18;0.47;9.1;6
6.6;0.905;0.19;0.8;0.048;17;204;0.9934;3.34;0.56;10;5
6.4;0.31;0.28;1.5;0.037;12;119;0.9919;3.32;0.51;10.4;7
7.3;0.2;0.44;1.4;0.045;21;98;0.9924;3.15;0.46;10;7
7.2;0.28;0.26;12.5;0.046;48;179;0.9975;3.1;0.52;9;6
7.2;0.27;0.27;2.4;0.048;30;149;0.9936;3.1;0.51;9.2;6
6;0.36;0.39;3.2;0.027;20;125;0.991;3.38;0.39;11.3;7
6.5;0.36;0.32;1.1;0.031;13;66;0.9916;3.1;0.46;10.6;5
7.3;0.24;0.43;2;0.021;20;69;0.99;3.08;0.56;12.2;6
6.4;0.19;0.42;2.9;0.032;32;83;0.9908;3.3;0.41;11.7;6
6.8;0.22;0.31;6.3;0.035;33;170;0.9918;3.24;0.66;12.6;6
6.8;0.26;0.22;7.7;0.047;57;210;0.9959;3.1;0.47;9;5
7.4;0.31;0.28;1.6;0.05;33;137;0.9929;3.31;0.56;10.5;6
6.8;0.29;0.5;13.3;0.053;48;194;0.9974;3.09;0.45;9.4;5
6.1;0.28;0.32;2.5;0.042;23;218.5;0.9935;3.27;0.6;9.8;5
6.6;0.16;0.32;1.4;0.035;49;186;0.9906;3.35;0.64;12.4;8
6.7;0.22;0.37;1.6;0.028;24;102;0.9913;3.29;0.59;11.6;7
7.1;0.32;0.32;11;0.038;16;66;0.9937;3.24;0.4;11.5;3
5.8;0.28;0.27;2.6;0.054;30;156;0.9914;3.53;0.42;12.4;5
6.5;0.41;0.24;14;0.048;24;113;0.9982;3.44;0.53;9.8;6
6.4;0.28;0.29;1.6;0.052;34;127;0.9929;3.48;0.56;10.5;7
7.2;0.6;0.2;9.9;0.07;21;174;0.9971;3.03;0.54;9.1;5
6;0.37;0.32;1;0.053;31;218.5;0.9924;3.29;0.72;9.8;6
7.1;0.21;0.27;8.6;0.056;26;111;0.9956;2.95;0.52;9.5;5
6.8;0.32;0.21;2.2;0.044;15;68;0.9932;3.17;0.39;9.4;6
7;0.17;0.31;4.8;0.034;34;132;0.9944;3.36;0.48;9.6;7
6.3;0.22;0.33;1.7;0.041;67;164;0.9928;3.32;0.56;10.4;6
7.4;0.26;0.31;7.6;0.047;52;177;0.9962;3.13;0.45;8.9;6
6.8;0.2;0.38;4.7;0.04;27;103;0.994;3.37;0.58;10.7;6
7.2;0.4;0.62;10.8;0.041;70;189;0.9976;3.08;0.49;8.6;4
5.7;0.335;0.34;1;0.04;13;174;0.992;3.27;0.66;10;5
6.8;0.19;0.58;14.2;0.038;51;164;0.9975;3.12;0.48;9.6;6
6.5;0.3;0.29;2.25;0.037;8;210;0.9937;3.19;0.62;9.9;5
6;0.24;0.27;1.9;0.048;40;170;0.9938;3.64;0.54;10;7
7.2;0.34;0.34;12.6;0.048;7;41;0.9942;3.19;0.4;11.7;5
7.9;0.19;0.26;2.1;0.039;8;143;0.9942;3.05;0.74;9.8;5
6.1;0.28;0.22;1.8;0.034;32;116;0.9898;3.36;0.44;12.6;6
6.4;0.18;0.48;4;0.186;64;150;0.9945;3.06;0.4;9.3;5
6.5;0.18;0.31;1.7;0.044;30;127;0.9928;3.49;0.5;10.2;7
9.2;0.25;0.34;1.2;0.026;31;93;0.9916;2.93;0.37;11.3;7
7.8;0.28;0.34;1.6;0.028;32;118;0.9901;3;0.38;12.1;7
9.2;0.25;0.34;1.2;0.026;31;93;0.9916;2.93;0.37;11.3;7
6.1;0.41;0.24;1.6;0.049;16;137;0.993;3.32;0.5;10.4;6
5.9;0.37;0.1;1.6;0.057;39;128;0.9924;3.24;0.48;10.1;5
7.4;0.2;0.33;1.9;0.035;39;138;0.991;3.17;0.44;11.7;7
8.2;0.22;0.3;1.8;0.047;47;185;0.9933;3.13;0.5;10.2;6
6.9;0.28;0.27;2.1;0.036;42;121;0.9926;3.42;0.49;10.8;7
6.7;0.3;0.35;1.4;0.18;36;160;0.9937;3.11;0.54;9.4;6
7.2;0.24;0.4;1.4;0.045;31;106;0.9914;2.88;0.38;10.8;6
6.4;0.45;0.07;1.1;0.03;10;131;0.9905;2.97;0.28;10.8;5
7.3;0.25;0.29;7.5;0.049;38;158;0.9965;3.43;0.38;9.6;5
7.4;0.37;0.35;5.7;0.061;12;94;0.9965;3.48;0.69;10.7;6
7.4;0.24;0.4;4.3;0.032;9;95;0.992;3.09;0.39;11.1;6
7.5;0.23;0.68;11;0.047;37;133;0.9978;2.99;0.38;8.8;5
7.4;0.19;0.3;1.4;0.057;33;135;0.993;3.12;0.5;9.6;6
6;0.36;0.06;1.4;0.066;27;128;0.9934;3.26;0.55;9.3;5
6.2;0.24;0.29;13.3;0.039;49;130;0.9952;3.33;0.46;11;8
6.9;0.24;0.33;4.8;0.04;16;131;0.9936;3.26;0.64;10.7;6
5.8;0.335;0.14;5.8;0.046;49;197;0.9937;3.3;0.71;10.3;5
9;0.27;0.35;4.9;0.028;27;95;0.9932;3.04;0.4;11.3;6
6.8;0.22;0.37;1.7;0.036;38;195;0.9908;3.35;0.72;12.5;6
6.1;0.14;0.25;1.3;0.047;37;173;0.9925;3.35;0.46;10;6
5.9;0.29;0.25;12;0.057;48;224;0.9981;3.23;0.41;9;6
5.8;0.32;0.38;4.75;0.033;23;94;0.991;3.42;0.42;11.8;7
8.1;0.46;0.31;1.7;0.052;50;183;0.9923;3.03;0.42;11.2;5
6.1;0.36;0.16;6.4;0.037;36;198;0.9944;3.17;0.62;9.9;6
6.6;0.38;0.18;1.2;0.042;20;84;0.9927;3.22;0.45;10.1;4
6;0.39;0.26;2.7;0.038;39;187;0.99325;3.41;0.5;10.8;6
6.2;0.21;0.27;1.7;0.038;41;150;0.9933;3.49;0.71;10.5;7
6.6;0.29;0.44;9;0.053;62;178;0.99685;3.02;0.45;8.9;5
6.9;0.31;0.34;1.6;0.032;23;128;0.9917;3.37;0.47;11.7;6
6.4;0.39;0.21;1.2;0.041;35;136;0.99225;3.15;0.46;10.2;5
6;0.33;0.27;0.8;0.185;12;188;0.9924;3.12;0.62;9.4;5
6.9;0.38;0.25;9.8;0.04;28;191;0.9971;3.28;0.61;9.2;5
6.6;0.25;0.3;14.4;0.052;40;183;0.998;3.02;0.5;9.1;6
7;0.2;0.37;2;0.03;26;136;0.9932;3.28;0.61;10.2;6
5.9;0.26;0.25;12.5;0.034;38;152;0.9977;3.33;0.43;9.4;5
6.8;0.24;0.49;19.3;0.057;55;247;1.00055;3;0.56;8.7;5
6.3;0.3;0.28;5;0.042;36;168;0.99505;3.22;0.69;9.5;6
6.7;0.5;0.63;13.4;0.078;81;238;0.9988;3.08;0.44;9.2;5
8.1;0.17;0.44;14.1;0.053;43;145;1.0006;3.28;0.75;8.8;8
7.7;0.34;0.28;11;0.04;31;117;0.99815;3.27;0.29;9.2;6
7.4;0.32;0.27;1.4;0.049;38;173;0.99335;3.03;0.52;9.3;5
6;0.18;0.31;1.4;0.036;14;75;0.99085;3.34;0.58;11.1;8
7.3;0.32;0.34;6.6;0.032;24;112;0.99505;3.22;0.46;9.8;6
7.8;0.27;0.58;11.2;0.036;44;161;0.9977;3.06;0.41;8.9;6
6.4;0.31;0.26;13.2;0.046;57;205;0.9975;3.17;0.41;9.6;5
7.9;0.35;0.24;15.6;0.072;44;229;0.99785;3.03;0.59;10.5;6
6.6;0.56;0.22;8.9;0.034;27;133;0.99675;3.2;0.51;9.1;5
8.4;0.18;0.42;5.1;0.036;7;77;0.9939;3.16;0.52;11.7;5
7.1;0.16;0.36;10.7;0.044;20;90;0.9959;3.16;0.44;10.9;7
6.9;0.25;0.34;1.3;0.035;27;82;0.99045;3.18;0.44;12.2;6
7.3;0.25;0.36;2.1;0.034;30;177;0.99085;3.25;0.4;11.9;8
6.9;0.19;0.35;1.7;0.036;33;101;0.99315;3.21;0.54;10.8;7
7.4;0.2;0.35;2.1;0.038;30;116;0.9949;3.49;0.77;10.3;7
7.3;0.28;0.42;14.4;0.04;49;173;0.9994;3.28;0.82;9;7
7.7;0.34;0.58;11.1;0.039;41;151;0.9978;3.06;0.49;8.6;5
10.3;0.17;0.47;1.4;0.037;5;33;0.9939;2.89;0.28;9.6;3
7.7;0.15;0.29;1.3;0.029;10;64;0.9932;3.35;0.39;10.1;5
7.1;0.21;0.32;2.2;0.037;28;141;0.993;3.2;0.57;10;7
6.9;0.36;0.34;4.2;0.018;57;119;0.9898;3.28;0.36;12.7;9
6.9;0.12;0.36;2.2;0.037;18;111;0.9919;3.41;0.82;11.9;8
7.4;0.26;0.43;6;0.022;22;125;0.9928;3.13;0.55;11.5;6
7.4;0.26;0.43;6;0.022;22;125;0.9928;3.13;0.55;11.5;6
7.3;0.26;0.31;1.6;0.04;39;173;0.9918;3.19;0.51;11.4;6
7;0.31;0.29;1.4;0.037;33;128;0.9896;3.12;0.36;12.2;7
5.8;0.26;0.18;1.2;0.031;40;114;0.9908;3.42;0.4;11;7
8.4;0.19;0.42;1.6;0.047;9;101;0.994;3.06;0.65;11.1;4
6.3;0.34;0.19;5.8;0.041;22;145;0.9943;3.15;0.63;9.9;5
8.6;0.18;0.4;1.1;0.04;20;107;0.9923;2.94;0.32;10.2;7
6.5;0.26;0.27;12.9;0.044;69;215;0.9967;3.17;0.43;10;6
6.5;0.25;0.35;12;0.055;47;179;0.998;3.58;0.47;10;5
6.4;0.26;0.43;12.6;0.033;64;230;0.9974;3.08;0.38;8.9;5
6.5;0.26;0.28;12.5;0.046;80;225;0.99685;3.18;0.41;10;6
6.2;0.35;0.29;7.3;0.044;56;244;0.9956;3.36;0.55;10;6
6.3;0.27;0.46;11.75;0.037;61;212;0.9971;3.25;0.53;9.5;6
5.4;0.415;0.19;1.6;0.039;27;88;0.99265;3.54;0.41;10;7
6.8;0.705;0.25;3.2;0.048;10;57;0.996;3.36;0.52;9.5;4
8.2;0.23;0.37;1.3;0.042;39;117;0.9928;2.99;0.36;10;5
7.6;0.22;0.34;9.7;0.035;26;143;0.9965;3.08;0.49;9.8;6
7.5;0.32;0.26;1.8;0.042;13;133;0.9938;3.07;0.38;9.5;5
6.1;0.19;0.25;4;0.023;23;112;0.9923;3.37;0.51;11.6;6
5.9;0.26;0.21;12.5;0.034;36;152;0.9972;3.28;0.43;9.5;6
5.1;0.42;0.01;1.5;0.017;25;102;0.9894;3.38;0.36;12.3;7
6;0.2;0.71;1.6;0.15;10;54;0.9927;3.12;0.47;9.8;5
6;0.41;0.21;1.9;0.05;29;122;0.9928;3.42;0.52;10.5;6
7.7;0.28;0.39;8.9;0.036;8;117;0.9935;3.06;0.38;12;7
8.2;0.26;0.44;1.3;0.046;7;69;0.9944;3.14;0.62;10.2;4
7;0.24;0.18;1.3;0.046;9;62;0.994;3.38;0.47;10.1;4
7.6;0.16;0.44;1.4;0.043;25;109;0.9932;3.11;0.75;10.3;6
7.6;0.16;0.44;1.4;0.043;25;109;0.9932;3.11;0.75;10.3;6
6.6;0.14;0.44;1.6;0.042;47;140;0.993;3.32;0.51;10.2;6
7.1;0.3;0.36;6.8;0.055;44.5;234;0.9972;3.49;0.64;10.2;6
7.5;0.17;0.34;1.4;0.035;13;102;0.9918;3.05;0.74;11;5
7.5;0.33;0.48;19.45;0.048;55;243;1.001;2.95;0.4;8.8;5
7.2;0.21;0.37;1.6;0.049;23;94;0.9924;3.16;0.48;10.9;7
8.6;0.26;0.41;2.2;0.049;29;111;0.9941;2.96;0.44;10;5
7.2;0.51;0.24;10;0.093;35;197;0.9981;3.41;0.47;9;5
8;0.26;0.36;2;0.054;30;121;0.992;3.09;0.72;11.6;7
8.3;0.22;0.38;14.8;0.054;32;126;1.0002;3.22;0.5;9.7;5
6.4;0.3;0.51;5.5;0.048;62;172;0.9942;3.08;0.45;9.1;6
7.8;0.26;0.44;1.3;0.037;43;132;0.9944;3.18;0.65;10;5
6.3;0.27;0.25;5.8;0.038;52;155;0.995;3.28;0.38;9.4;6
6.3;0.27;0.25;5.8;0.038;52;155;0.995;3.28;0.38;9.4;6
7.4;0.2;0.37;16.95;0.048;43;190;0.9995;3.03;0.42;9.2;6
7.3;0.31;0.69;10.2;0.041;58;160;0.9977;3.06;0.45;8.6;5
5.2;0.24;0.45;3.8;0.027;21;128;0.992;3.55;0.49;11.2;8
7.4;0.24;0.31;8.4;0.045;52;183;0.9963;3.09;0.32;8.8;5
6.5;0.29;0.25;10.6;0.039;32;120;0.9962;3.31;0.34;10.1;6
5.8;0.29;0.21;2.6;0.025;12;120;0.9894;3.39;0.79;14;7
5.5;0.32;0.45;4.9;0.028;25;191;0.9922;3.51;0.49;11.5;7
8;0.18;0.37;1.3;0.04;15;96;0.9912;3.06;0.61;12.1;6
7.4;0.18;0.4;1.6;0.047;22;102;0.9937;3.28;0.44;10.7;5
6.5;0.52;0.17;1.4;0.047;5;26;0.9932;3.26;0.32;10;4
5.9;0.415;0.13;1.4;0.04;11;64;0.9922;3.29;0.52;10.5;5
8.1;0.45;0.34;8.3;0.037;33;216;0.9976;3.31;0.64;9.7;5
6.8;0.39;0.31;14.35;0.043;28;162;0.9988;3.17;0.54;9.1;5
7.4;0.41;0.34;4.7;0.042;19;127;0.9953;3.25;0.42;10.4;5
6.7;0.25;0.34;12.85;0.048;30;161;0.9986;3.44;0.47;9.5;6
9;0.31;0.49;6.9;0.034;26;91;0.9937;2.99;0.34;11.5;5
8.5;0.16;0.33;1;0.076;17;57;0.9921;3.14;0.46;10.6;6
9.3;0.34;0.49;7.3;0.052;30;146;0.998;3.17;0.61;10.2;5
6.9;0.32;0.17;7.6;0.042;69;219;0.9959;3.13;0.4;8.9;5
7.8;0.3;0.29;16.85;0.054;23;135;0.9998;3.16;0.38;9;6
5.7;0.26;0.27;4.1;0.201;73.5;189.5;0.9942;3.27;0.38;9.4;6
7.8;0.3;0.29;16.85;0.054;23;135;0.9998;3.16;0.38;9;6
6;0.24;0.32;6.3;0.03;34;129;0.9946;3.52;0.41;10.4;5
7.5;0.14;0.34;1.3;0.055;50;153;0.9945;3.29;0.8;9.6;6
7.7;0.25;0.43;4.5;0.062;20;115;0.9966;3.38;0.5;9.9;6
8.2;0.61;0.45;5.4;0.03;15;118;0.9954;3.14;0.34;9.6;5
6.4;0.25;0.41;8.6;0.042;57;173;0.9965;3;0.44;9.1;5
6.3;0.32;0.35;11.1;0.039;29;198;0.9984;3.36;0.5;9.4;7
7.2;0.2;0.25;4.5;0.044;31;109;0.9949;3.23;0.36;9.4;5
7.5;0.42;0.45;9.1;0.029;20;125;0.996;3.12;0.36;10.1;6
6.9;0.25;0.26;5.2;0.024;36;135;0.9948;3.16;0.72;10.7;7
7.4;0.25;0.37;6.9;0.02;14;93;0.9939;3;0.48;10.7;7
5;0.33;0.16;1.5;0.049;10;97;0.9917;3.48;0.44;10.7;6
9.2;0.28;0.41;1;0.042;14;59;0.9922;2.96;0.25;10.5;6
7.3;0.27;0.39;6.7;0.064;28;188;0.9958;3.29;0.3;9.7;5
8;0.28;0.42;7.1;0.045;41;169;0.9959;3.17;0.43;10.6;5
8;0.61;0.38;12.1;0.301;24;220;0.9993;2.94;0.48;9.2;5
7.2;0.26;0.44;7.1;0.027;25;126;0.993;3.02;0.34;11.1;8
8;0.28;0.42;7.1;0.045;41;169;0.9959;3.17;0.43;10.6;5
8.3;0.33;0.42;1.15;0.033;18;96;0.9911;3.2;0.32;12.4;3
7.7;0.26;0.31;1.3;0.043;47;155;0.9937;3.42;0.5;10.1;6
7.8;0.32;0.31;1.7;0.036;46;195;0.993;3.03;0.48;10.5;5
10.3;0.25;0.48;2.2;0.042;28;164;0.998;3.19;0.59;9.7;5
6.4;0.26;0.22;5.1;0.037;23;131;0.9944;3.29;0.32;10.1;5
7.2;0.18;0.31;1.1;0.045;20;73;0.9925;3.32;0.4;10.8;7
5.6;0.245;0.32;1.1;0.047;24;152;0.9927;3.12;0.42;9.3;6
6.4;0.22;0.34;1.8;0.057;29;104;0.9959;3.81;0.57;10.3;6
8.1;0.5;0.47;1.1;0.037;23;126;0.9938;3.21;0.42;10.9;5
7.8;0.16;0.41;1.7;0.026;29;140;0.991;3.02;0.78;12.5;6
6.6;0.16;0.29;1.8;0.05;40;147;0.9912;3.06;0.44;11.4;7
8.3;0.21;0.4;1.6;0.032;35;110;0.9907;3.02;0.6;12.9;7
6.6;0.16;0.3;1.6;0.034;15;78;0.992;3.38;0.44;11.2;6
8.4;0.16;0.33;1.5;0.033;16;98;0.994;3.14;0.42;9.7;6
6.9;0.41;0.22;4.2;0.031;10;102;0.993;3;0.86;11.6;4
7.8;0.23;0.28;4.75;0.042;45;166;0.9928;2.96;0.4;11.5;5
6.3;0.23;0.22;3.75;0.039;37;116;0.9927;3.23;0.5;10.7;6
6.4;0.31;0.4;6.2;0.04;46;169;0.9953;3.15;0.46;9.3;6
8.1;0.2;0.36;9.7;0.044;63;162;0.997;3.1;0.46;10;6
6.4;0.15;0.31;1.1;0.044;25;96;0.9932;3.54;0.51;10.3;6
6.4;0.25;0.53;6.6;0.038;59;234;0.9955;3.03;0.42;8.8;5
8.4;0.19;0.43;2.1;0.052;20;104;0.994;2.85;0.46;9.5;5
5.7;0.21;0.24;2.3;0.047;60;189;0.995;3.65;0.72;10.1;6
8.4;0.58;0.27;12.15;0.033;37;116;0.9959;2.99;0.39;10.8;6
8.2;0.35;0.4;6.3;0.039;35;162;0.9936;3.15;0.34;11.9;7
8;0.57;0.39;3.9;0.034;22;122;0.9917;3.29;0.67;12.8;7
6.5;0.19;0.32;1.4;0.04;31;132;0.9922;3.36;0.54;10.8;7
6.9;0.46;0.2;0.9;0.054;5;126;0.992;3.1;0.42;10.4;6
6.6;0.42;0.33;2.8;0.034;15;85;0.99;3.28;0.51;13.4;6
5.7;0.135;0.3;4.6;0.042;19;101;0.9946;3.31;0.42;9.3;6
8.2;0.22;0.36;6.8;0.034;12;90;0.9944;3.01;0.38;10.5;8
7.1;0.19;0.28;3.6;0.033;16;78;0.993;2.91;0.78;11.4;6
6.9;0.35;0.74;1;0.044;18;132;0.992;3.13;0.55;10.2;5
6.2;0.18;0.49;4.5;0.047;17;90;0.9919;3.27;0.37;11.6;6
6.5;0.36;0.49;2.9;0.03;16;94;0.9902;3.1;0.49;12.1;7
7.4;0.25;0.49;1.1;0.042;35;156;0.9917;3.13;0.55;11.3;5
6.9;0.34;0.74;11.2;0.069;44;150;0.9968;3;0.81;9.2;5
8.3;0.2;0.74;4.45;0.044;33;130;0.9924;3.25;0.42;12.2;6
6.7;0.16;0.49;2.4;0.046;57;187;0.9952;3.62;0.81;10.4;6
7.5;0.32;0.24;4.6;0.053;8;134;0.9958;3.14;0.5;9.1;3
6.2;0.15;0.49;0.9;0.033;17;51;0.9932;3.3;0.7;9.4;6
6.5;0.26;0.74;13.3;0.044;68;224;0.9972;3.18;0.54;9.5;6
7.9;0.16;0.74;17.85;0.037;52;187;0.9998;2.99;0.41;9.3;5
5.6;0.185;0.49;1.1;0.03;28;117;0.9918;3.55;0.45;10.3;6
8;0.3;0.49;9.4;0.046;47;188;0.9964;3.14;0.48;10;5
8;0.34;0.49;9;0.033;39;180;0.9936;3.13;0.38;12.3;8
6.7;0.62;0.24;1.1;0.039;6;62;0.9934;3.41;0.32;10.4;5
6.8;0.27;0.49;1.2;0.044;35;126;0.99;3.13;0.48;12.1;7
6.8;0.21;0.49;14.5;0.06;50;170;0.9991;3.55;0.44;9.8;6
8.2;0.24;0.49;9.3;0.038;52;163;0.9952;3.02;0.33;10.6;6
8.4;0.23;0.49;7.8;0.035;22;95;0.9935;3.04;0.34;12;6
6.6;0.3;0.24;1.2;0.034;17;121;0.9933;3.13;0.36;9.2;5
8.1;0.3;0.49;8.1;0.037;26;174;0.9943;3.1;0.3;11.2;7
8.5;0.15;0.49;1.5;0.031;17;122;0.9932;3.03;0.4;10.3;6
7.2;0.16;0.49;1.3;0.037;27;104;0.9924;3.23;0.57;10.6;6
7.9;0.12;0.49;5.2;0.049;33;152;0.9952;3.18;0.47;10.6;6
6.7;0.3;0.49;4.8;0.034;36;158;0.9945;3.12;0.45;9.9;6
7.8;0.3;0.74;1.8;0.033;33;156;0.991;3.29;0.52;12.8;6
7.6;0.18;0.49;18.05;0.046;36;158;0.9996;3.06;0.41;9.2;5
6.7;0.3;0.74;5;0.038;35;157;0.9945;3.21;0.46;9.9;5
6.6;0.3;0.74;4.6;0.041;36;159;0.9946;3.21;0.45;9.9;5
7.8;0.26;0.49;3.1;0.045;21;116;0.9931;3.16;0.35;10.3;5
6.2;0.27;0.49;1.4;0.05;20;74;0.9931;3.32;0.44;9.8;6
7.1;0.64;0.49;1.8;0.05;17;128;0.9946;3.31;0.58;10.6;4
9.8;0.31;0.49;15.4;0.046;13;119;1.0004;3.18;0.45;9.5;5
7.3;0.3;0.74;13.5;0.039;46;165;0.9982;3.02;0.4;8.7;5
7.9;0.14;0.74;1.2;0.028;30;165;0.991;3.08;0.82;12.3;6
6.4;0.12;0.49;6.4;0.042;49;161;0.9945;3.34;0.44;10.4;6
6.7;0.33;0.49;1.6;0.167;20;94;0.9914;3.11;0.5;11.4;6
5.6;0.39;0.24;4.7;0.034;27;77;0.9906;3.28;0.36;12.7;5
7.1;0.26;0.49;2.2;0.032;31;113;0.9903;3.37;0.42;12.9;9
7.5;0.32;0.49;1.7;0.031;44;109;0.9906;3.07;0.46;12.5;6
5.8;0.19;0.49;4.9;0.04;44;118;0.9935;3.34;0.38;9.5;7
8.1;0.2;0.49;11.8;0.048;46;212;0.9968;3.09;0.46;10;7
7.8;0.49;0.49;7;0.043;29;149;0.9952;3.21;0.33;10;5
7.8;0.21;0.49;1.2;0.036;20;99;0.99;3.05;0.28;12.1;7
7.9;0.33;0.28;31.6;0.053;35;176;1.0103;3.15;0.38;8.8;6
6.6;0.31;0.49;7.7;0.05;52;220;0.9964;3.12;0.45;8.8;5
6.6;0.325;0.49;7.7;0.049;53;217;0.996;3.16;0.4;9.3;5
6.3;0.31;0.3;10;0.046;49;212;0.9962;3.74;0.55;11.9;6
7.3;0.26;0.33;17.85;0.049;41.5;195;1;3.06;0.44;9.1;7
7.2;0.25;0.28;14.4;0.055;55;205;0.9986;3.12;0.38;9;7
7;0.24;0.3;4.2;0.04;41;213;0.9927;3.28;0.49;11.8;6
6.5;0.27;0.19;4.2;0.046;6;114;0.9955;3.25;0.35;8.6;4
6.9;0.17;0.22;4.6;0.064;55;152;0.9952;3.29;0.37;9.3;6
7.6;0.445;0.44;14.5;0.045;68;212;0.9986;3.48;0.36;10;6
6.1;0.22;0.23;3.1;0.052;15;104;0.9948;3.14;0.42;8.7;5
8.3;0.3;0.36;10;0.042;33;169;0.9982;3.23;0.51;9.3;6
6.6;0.22;0.58;1.1;0.133;52;136;0.9932;3.1;0.3;9.1;5
6.1;0.34;0.31;12;0.053;46;238;0.9977;3.16;0.48;8.6;5
8;0.27;0.24;1.2;0.044;20;102;0.9929;3.28;0.42;10.9;5
6.4;0.16;0.28;2.2;0.042;33;93;0.9914;3.31;0.43;11.1;6
6.4;0.17;0.27;1.5;0.037;20;98;0.9916;3.46;0.42;11;7
6.5;0.18;0.26;1.4;0.041;40;141;0.9941;3.34;0.72;9.5;6
6.4;0.15;0.36;1.8;0.034;43;150;0.9922;3.42;0.69;11;8
8.7;0.45;0.4;1.5;0.067;17;100;0.9957;3.27;0.57;10.1;6
7.8;0.22;0.36;1.4;0.056;21;153;0.993;3.2;0.53;10.4;6
9.4;0.16;0.23;1.6;0.042;14;67;0.9942;3.07;0.32;9.5;5
6.8;0.23;0.29;15.4;0.073;56;173;0.9984;3.06;0.41;8.7;6
8.8;0.2;0.43;15;0.053;60;184;1.0008;3.28;0.79;8.8;6
8.8;0.2;0.43;15;0.053;60;184;1.0008;3.28;0.79;8.8;6
7.2;0.15;0.38;1.2;0.038;18;110;0.9917;3.19;0.43;11.1;6
6;0.26;0.29;1;0.032;27;96;0.9896;3.38;0.44;12.3;6
7.1;0.32;0.4;1.5;0.034;13;84;0.9944;3.42;0.6;10.4;5
8;0.55;0.42;12.6;0.211;37;213;0.9988;2.99;0.56;9.3;5
7.2;0.24;0.29;2.2;0.037;37;102;0.992;3.27;0.64;11;7
6.5;0.34;0.36;11;0.052;53;247;0.9984;3.44;0.55;9.3;6
7.2;0.24;0.29;2.2;0.037;37;102;0.992;3.27;0.64;11;7
8.2;0.18;0.31;11.8;0.039;96;249;0.9976;3.07;0.52;9.5;6
7.4;0.44;0.2;11.5;0.049;44;157;0.998;3.27;0.44;9;5
8;0.22;0.28;14;0.053;83;197;0.9981;3.14;0.45;9.8;6
7.8;0.2;0.28;10.2;0.054;78;186;0.997;3.14;0.46;10;6
6.3;0.19;0.21;1.8;0.049;35;163;0.9924;3.31;0.5;10.3;6
7;0.21;0.22;5.1;0.048;38;168;0.9945;3.34;0.49;10.4;6
6.6;0.31;0.38;16.05;0.058;16;165;0.9997;3.38;0.6;9.2;5
8;0.2;0.36;1.2;0.032;21;78;0.9921;3.08;0.37;10.4;6
6.4;0.22;0.32;7.9;0.029;34;124;0.9948;3.4;0.39;10.2;5
7.6;0.15;0.4;1.3;0.036;24;112;0.9932;3.14;0.76;10;5
7.7;0.3;0.42;14.3;0.045;45;213;0.9991;3.18;0.63;9.2;5
6.7;0.44;0.31;1.9;0.03;41;104;0.99;3.29;0.62;12.6;7
7.4;0.21;0.3;7.9;0.039;14;118;0.9942;2.96;0.34;10.4;5
7.9;0.26;0.33;10.3;0.039;73;212;0.9969;2.93;0.49;9.5;6
7.6;0.13;0.34;9.3;0.062;40;126;0.9966;3.21;0.39;9.6;5
7.1;0.18;0.26;1.3;0.041;20;71;0.9926;3.04;0.74;9.9;6
6.6;0.35;0.29;14.4;0.044;54;177;0.9991;3.17;0.58;8.9;6
7.6;0.26;0.36;1.6;0.032;6;106;0.993;3.15;0.4;10.4;4
6.3;0.22;0.57;1.4;0.208;14;96;0.9932;3.16;0.43;10;6
8.8;0.34;0.33;9.7;0.036;46;172;0.9966;3.08;0.4;10.2;5
7.3;0.13;0.27;4.6;0.08;34;172;0.9938;3.23;0.39;11.1;7
9.9;1.005;0.46;1.4;0.046;34;185;0.9966;3.02;0.49;10.2;4
8.1;0.24;0.38;4.3;0.044;49;172;0.996;3.37;0.74;10.8;6
6.8;0.27;0.28;13.3;0.076;50;163;0.9979;3.03;0.38;8.6;6
7.6;0.2;0.31;1.4;0.047;41;142;0.9934;3.43;0.53;10.1;6
6.3;0.41;0.3;3.2;0.03;49;164;0.9927;3.53;0.79;11.7;7
7.6;0.2;0.26;4.5;0.086;37;133;0.9963;3.15;0.42;9.2;5
6.8;0.27;0.35;7.8;0.048;76;197;0.9959;3.24;0.43;9.5;6
7.6;0.2;0.3;14.2;0.056;53;212.5;0.999;3.14;0.46;8.9;8
7.6;0.2;0.3;14.2;0.056;53;212.5;0.999;3.14;0.46;8.9;8
8;0.22;0.32;10.4;0.043;63;201;0.997;3.11;0.53;9.5;6
7.1;0.33;0.3;3.3;0.034;30;102;0.9912;3.08;0.31;12.3;7
7.4;0.3;0.22;5.25;0.053;33;180;0.9926;3.13;0.45;11.6;6
7;0.28;0.33;14.6;0.043;47;168;0.9994;3.34;0.67;8.8;6
6.7;0.31;0.08;1.3;0.038;58;147;0.9922;3.18;0.46;10;5
7.2;0.15;0.39;1.8;0.043;21;159;0.9948;3.52;0.47;10;5
6.9;0.19;0.39;8;0.028;22;84;0.994;3.11;0.66;10.8;6
6.3;0.41;0.33;4.7;0.023;28;110;0.991;3.3;0.38;12.5;7
6.6;0.32;0.22;16.7;0.046;38;133;0.9979;3.22;0.67;10.4;6
6.9;0.32;0.15;8.1;0.046;51;180;0.9958;3.13;0.45;8.9;5
7.6;0.34;0.39;7.6;0.04;45;215;0.9965;3.11;0.53;9.2;6
5.5;0.14;0.27;4.6;0.029;22;104;0.9949;3.34;0.44;9;5
5.5;0.14;0.27;4.6;0.029;22;104;0.9949;3.34;0.44;9;5
8.7;0.24;0.35;0.6;0.042;11;71;0.9926;3.08;0.38;10.6;5
6.8;0.21;0.27;18.15;0.042;41;146;1.0001;3.3;0.36;8.7;5
8.6;0.485;0.29;4.1;0.026;19;101;0.9918;3.01;0.38;12.4;5
8.6;0.485;0.29;4.1;0.026;19;101;0.9918;3.01;0.38;12.4;5
7.7;0.28;0.29;4.3;0.051;25;142;0.9939;3.16;0.39;10.2;5
7.1;0.33;0.25;1.6;0.03;25;126;0.9901;3.22;0.34;12.1;7
8.2;0.17;0.32;1.5;0.05;17;101;0.994;3.14;0.58;9.5;5
6.6;0.22;0.53;15.1;0.052;22;136;0.9986;2.94;0.35;9.4;5
6.6;0.22;0.53;15.1;0.052;22;136;0.9986;2.94;0.35;9.4;5
6;0.16;0.3;6.7;0.043;43;153;0.9951;3.63;0.46;10.6;5
6.2;0.34;0.3;11.1;0.047;28;237;0.9981;3.18;0.49;8.7;5
6;0.27;0.15;1.5;0.056;35;128;0.9936;3.12;0.45;8.8;5
5.7;0.33;0.15;1.9;0.05;20;93;0.9934;3.38;0.62;9.9;5
8.3;0.24;0.27;2.1;0.03;22;162;0.9914;2.99;0.68;11.9;6
6.8;0.26;0.32;7;0.041;38;118;0.9939;3.25;0.52;10.8;6
7.5;0.26;0.52;13.2;0.047;64;179;0.9982;3.1;0.46;9;5
8.2;0.21;0.32;10.65;0.053;53;145;0.9972;3.17;0.48;10.2;6
7.7;0.28;0.35;15.3;0.056;31;117;0.9998;3.27;0.5;9.6;5
7.8;0.29;0.33;8.75;0.035;33;181;0.9962;3.11;0.46;10.7;5
7.9;0.28;0.32;3.6;0.038;9;76;0.992;3.05;0.31;11.7;4
6.8;0.37;0.28;4;0.03;29;79;0.99;3.23;0.46;12.4;7
7.4;0.19;0.3;12.8;0.053;48.5;229;0.9986;3.14;0.49;9.1;7
7.4;0.19;0.3;12.8;0.053;48.5;229;0.9986;3.14;0.49;9.1;7
7.6;0.32;0.58;16.75;0.05;43;163;0.9999;3.15;0.54;9.2;5
7.4;0.19;0.3;12.8;0.053;48.5;212;0.9986;3.14;0.49;9.1;7
8;0.36;0.43;10.1;0.053;29;146;0.9982;3.4;0.46;9.5;6
7.4;0.29;0.25;3.8;0.044;30;114;0.992;3.11;0.4;11;6
7.6;0.27;0.42;2.6;0.044;29;110;0.9912;3.31;0.51;12.7;6
9.2;0.23;0.35;10.7;0.037;34;145;0.9981;3.09;0.32;9.7;5
7.1;0.18;0.32;12.2;0.048;36;125;0.9967;2.92;0.54;9.4;6
7.3;0.18;0.29;1;0.036;26;101;0.99;3.09;0.37;11.7;6
6.6;0.25;0.42;11.3;0.049;77;231;0.9966;3.24;0.52;9.5;6
7.1;0.26;0.19;8.2;0.051;53;187;0.996;3.16;0.52;9.7;5
6.6;0.23;0.24;3.9;0.045;36;138;0.9922;3.15;0.64;11.3;7
7.8;0.3;0.37;1.3;0.051;16;96;0.9941;3.32;0.62;10;5
8.5;0.28;0.34;13.8;0.041;32;161;0.9981;3.13;0.4;9.9;6
7.6;0.23;0.26;15.3;0.067;32;166;0.9986;3.03;0.44;9.2;4
7.1;0.2;0.36;11.6;0.042;45;124;0.997;2.92;0.59;9.5;7
6.5;0.39;0.35;1.6;0.049;10;164;0.99516;3.35;0.51;9.7;5
6.7;0.23;0.42;11.2;0.047;52;171;0.99758;3.54;0.74;10.4;5
6.1;0.15;0.29;6.2;0.046;39;151;0.99471;3.6;0.44;10.6;6
7.4;0.18;0.29;1.4;0.042;34;101;0.99384;3.54;0.6;10.5;7
7.1;0.14;0.35;1.4;0.039;24;128;0.99212;2.97;0.68;10.4;5
7.2;0.39;0.54;1.4;0.157;34;132;0.99449;3.11;0.53;9;6
7.6;0.48;0.28;10.4;0.049;57;205;0.99748;3.24;0.45;9.3;5
6.5;0.36;0.31;4.1;0.061;20;134;0.99475;3.18;0.45;9;6
6.6;0.19;0.43;10.9;0.045;53;154;0.99752;3.52;0.77;10.4;6
6.7;0.43;0.23;5;0.157;49;145;0.99471;3.17;0.49;9.4;5
6.5;0.32;0.23;1.2;0.054;39;208;0.99272;3.18;0.46;9.9;6
7;0.32;0.31;6.4;0.031;38;115;0.99235;3.38;0.58;12.2;7
7.5;0.42;0.2;1.4;0.06;15;168;0.9944;3.06;0.4;9.4;6
9.4;0.28;0.3;1.6;0.045;36;139;0.99534;3.11;0.49;9.3;5
6.8;0.32;0.3;3.3;0.029;15;80;0.99061;3.33;0.63;12.6;7
7;0.19;0.33;6.3;0.032;42;127;0.99182;3.31;0.38;12.2;6
6.6;0.4;0.32;1.7;0.035;39;84;0.99096;3.59;0.48;12.7;7
4.6;0.445;0;1.4;0.053;11;178;0.99426;3.79;0.55;10.2;5
7.5;0.38;0.29;12.7;0.05;25;209;0.9986;3.25;0.59;9.3;6
7.7;0.29;0.29;4.8;0.06;27;156;0.99572;3.49;0.59;10.3;6
7.5;0.23;0.29;2.6;0.031;24;98;0.99194;3;0.54;10.9;6
7.9;0.25;0.34;11.4;0.04;53;202;0.99708;3.11;0.57;9.6;6
6.1;0.28;0.16;1.3;0.06;36;126;0.99353;3.13;0.46;8.7;6
7.6;0.48;0.33;7;0.024;14;130;0.9918;3.25;0.45;12.5;7
8.2;0.25;0.46;3.75;0.05;14;102;0.99524;3.28;0.58;9.7;5
6.5;0.18;0.29;1.7;0.035;39;144;0.9927;3.49;0.5;10.5;6
7.6;0.32;0.35;1.6;0.092;24;138;0.99438;3.19;0.44;9.8;5
6.2;0.45;0.73;7.2;0.099;47;202;0.99582;3.21;0.43;9.2;5
7;0.32;0.29;4.9;0.036;41;150;0.99168;3.38;0.43;12.2;6
7.2;0.2;0.3;2;0.039;43;188;0.9911;3.3;0.41;12;6
6.4;0.27;0.19;2;0.084;21;191;0.99516;3.49;0.63;9.6;4
6.9;0.3;0.3;1.3;0.053;24;186;0.99361;3.29;0.54;9.9;4
6.8;0.46;0.26;2.7;0.042;28;83;0.99114;3.38;0.51;12;8
7;0.28;0.26;1.7;0.042;34;130;0.9925;3.43;0.5;10.7;8
6.4;0.17;0.34;1.5;0.091;42;135;0.9938;3.25;0.49;9.6;7
6.5;0.19;0.27;4.9;0.037;13;101;0.9916;3.17;0.41;11.8;6
9.2;0.16;0.49;2;0.044;18;107;0.99514;3.1;0.53;10.2;4
8.8;0.33;0.36;2.1;0.034;19;125;0.99166;2.96;0.98;12.7;6
9.8;0.16;0.46;1.8;0.046;23;130;0.99587;3.04;0.67;9.6;5
7.6;0.31;0.27;5.8;0.036;23;109;0.99399;3.34;0.54;11;6
8.2;0.24;0.3;2.3;0.05;23;106;0.99397;2.98;0.5;10;5
6.8;0.26;0.43;11.75;0.045;53;198;0.9969;3.26;0.55;9.5;5
6.3;0.29;0.14;7.05;0.045;50;177;0.99564;3.23;0.42;9;5
8;0.26;0.28;4.8;0.05;34;150;0.99437;3.13;0.5;10;6
6.7;0.27;0.26;2.3;0.043;61;181;0.99394;3.45;0.63;10.6;6
8.1;0.33;0.36;7.4;0.037;36;156;0.99592;3.19;0.54;10.6;6
8.1;0.33;0.36;7.4;0.037;36;156;0.99592;3.19;0.54;10.6;6
6.6;0.33;0.24;16.05;0.045;31;147;0.99822;3.08;0.52;9.2;5
8.2;0.26;0.33;2.6;0.053;11;71;0.99402;2.89;0.49;9.5;5
7;0.26;0.26;10.8;0.039;37;184;0.99787;3.47;0.58;10.3;7
6;0.26;0.15;1.2;0.053;35;124;0.99347;3.08;0.46;8.8;5
7.5;0.28;0.78;12.1;0.041;53;161;0.99838;2.98;0.44;8.7;5
6.3;0.27;0.37;7.9;0.047;58;215;0.99542;3.19;0.48;9.5;6
6.6;0.24;0.3;13;0.052;18;143;0.99825;3.37;0.49;9.4;6
6.8;0.32;0.3;1;0.049;22;113;0.99289;3.24;0.61;10.2;5
6.1;0.28;0.24;19.95;0.074;32;174;0.99922;3.19;0.44;9.3;6
7.6;0.31;0.23;12.7;0.054;20;139;0.99836;3.16;0.5;9.7;4
6.3;0.18;0.22;1.5;0.043;45;155;0.99238;3.19;0.48;10.2;5
8.6;0.34;0.36;1.4;0.045;11;119;0.99556;3.17;0.47;9.4;4
6.2;0.28;0.45;7.5;0.045;46;203;0.99573;3.26;0.46;9.2;6
5.6;0.175;0.29;0.8;0.043;20;67;0.99112;3.28;0.48;9.9;6
6.9;0.34;0.36;1.4;0.032;13;145;0.99214;3.07;0.52;9.8;5
7.1;0.32;0.29;4;0.038;33;170;0.99463;3.27;0.64;10.2;6
7.1;0.12;0.3;3.1;0.018;15;37;0.99004;3.02;0.52;11.9;7
6.3;0.24;0.55;8.1;0.04;67;216;0.99596;3.24;0.5;9.2;5
7.3;0.17;0.24;8.1;0.121;32;162;0.99508;3.17;0.38;10.4;8
6.8;0.23;0.3;1.7;0.043;19;95;0.99207;3.17;0.46;10.7;7
5.9;0.28;0.14;8.6;0.032;30;142;0.99542;3.28;0.44;9.5;6
6.5;0.23;0.25;17.3;0.046;15;110;0.99828;3.15;0.42;9.2;6
6.7;0.5;0.38;7.5;0.046;26;175;0.99662;3.32;0.54;9.6;5
6.3;0.26;0.42;7.1;0.045;62;209;0.99544;3.2;0.53;9.5;6
6.3;0.13;0.42;1.1;0.043;63;146;0.99066;3.13;0.72;11.2;7
6.3;0.13;0.42;1.1;0.043;63;146;0.99066;3.13;0.72;11.2;7
7.6;0.23;0.64;12.9;0.033;54;170;0.998;3;0.53;8.8;5
6.9;0.32;0.26;2.3;0.03;11;103;0.99106;3.06;0.42;11.1;6
6.9;0.28;0.22;10;0.052;36;131;0.99696;3.08;0.46;9.6;5
6.9;0.32;0.26;2.3;0.03;11;103;0.99106;3.06;0.42;11.1;6
6.8;0.28;0.36;7;0.043;60;207;0.99556;3.16;0.49;9.6;6
6.3;0.34;0.36;4.9;0.035;31;185;0.9946;3.15;0.49;9.7;5
6.7;0.17;0.42;10.4;0.038;85;182;0.99628;3.04;0.44;8.9;6
6.5;0.27;0.4;10;0.039;74;227;0.99582;3.18;0.5;9.4;5
6.3;0.21;0.29;11.7;0.048;49;147;0.99482;3.22;0.38;10.8;5
6.4;0.22;0.34;1.4;0.023;56;115;0.98958;3.18;0.7;11.7;6
7.1;0.2;0.3;0.9;0.019;4;28;0.98931;3.2;0.36;12;6
6.7;0.3;0.29;2.8;0.025;37;107;0.99159;3.31;0.63;11.3;7
6.5;0.18;0.41;14.2;0.039;47;129;0.99678;3.28;0.72;10.3;7
6.5;0.18;0.41;14.2;0.039;47;129;0.99678;3.28;0.72;10.3;7
6.6;0.26;0.21;2.9;0.026;48;126;0.99089;3.22;0.38;11.3;7
7;0.24;0.24;9;0.03;42;219;0.99636;3.47;0.46;10.2;6
7.2;0.24;0.27;11.4;0.034;40;174;0.99773;3.2;0.44;9;5
7.5;0.13;0.38;1.1;0.023;42;104;0.99112;3.28;0.53;11.8;6
6.1;0.15;0.35;15.8;0.042;55;158;0.99642;3.24;0.37;10.6;5
7.6;0.23;0.4;5.2;0.066;14;91;0.99488;3.17;0.8;9.7;5
7.15;0.17;0.24;9.6;0.119;56;178;0.99578;3.15;0.44;10.2;6
7;0.34;0.39;6.9;0.066;43;162;0.99561;3.11;0.53;9.5;5
6.4;0.68;0.26;3.4;0.069;25;146;0.99347;3.18;0.4;9.3;5
6.7;0.33;0.34;6.6;0.067;35;156;0.99542;3.11;0.48;9.3;6
7;0.23;0.33;1;0.043;46;110;0.99118;3.04;0.65;10.8;6
8.3;0.4;0.41;8.2;0.05;15;122;0.9979;3.39;0.49;9.3;5
6.6;0.12;0.25;1.4;0.039;21;131;0.99114;3.2;0.45;11.2;7
5.9;0.34;0.31;2;0.03;38;142;0.98892;3.4;0.41;12.9;7
7;0.15;0.3;13.3;0.049;46;120;0.99704;3.2;0.36;9.5;7
6.9;0.3;0.25;3.3;0.041;26;124;0.99428;3.18;0.5;9.3;6
6.7;0.23;0.25;1.6;0.036;28;143;0.99256;3.3;0.54;10.3;6
6.2;0.28;0.27;10.3;0.03;26;108;0.99388;3.2;0.36;10.7;6
6.9;0.31;0.32;1.2;0.024;20;166;0.99208;3.05;0.54;9.8;6
6.9;0.3;0.25;3.3;0.041;26;124;0.99428;3.18;0.5;9.3;6
6.5;0.23;0.36;16.3;0.038;43;133;0.99924;3.26;0.41;8.8;5
6.5;0.23;0.36;16.3;0.038;43;133;0.99924;3.26;0.41;8.8;5
6.8;0.23;0.42;7.4;0.044;56;189;0.9958;3.22;0.48;9.3;6
7.6;0.4;0.27;5.2;0.03;32;101;0.99172;3.22;0.62;12.3;7
6.9;0.23;0.32;16.4;0.045;62;153;0.9972;3.22;0.42;10.5;5
7.9;0.51;0.34;2.6;0.049;13;135;0.99335;3.09;0.51;10;5
6.5;0.29;0.31;1.7;0.035;24;79;0.99053;3.27;0.69;11.4;7
8;0.23;0.28;2.7;0.048;49;165;0.9952;3.26;0.72;9.5;6
7.1;0.43;0.3;6.6;0.025;15;138;0.99126;3.18;0.46;12.6;6
5.8;0.13;0.26;5.1;0.039;19;103;0.99478;3.36;0.47;9.3;6
7.7;0.16;0.36;5.9;0.054;25;148;0.99578;3.25;0.54;10.2;6
6.3;0.2;0.24;1.7;0.052;36;135;0.99374;3.8;0.66;10.8;6
7.1;0.2;0.31;6.85;0.053;32;211;0.99587;3.31;0.59;10.4;6
6.8;0.35;0.53;10.1;0.053;37;151;0.9963;3.07;0.4;9.4;5
6.8;0.26;0.44;8.2;0.046;52;183;0.99584;3.2;0.51;9.4;5
6.4;0.22;0.32;7.2;0.028;15;83;0.993;3.13;0.55;10.9;8
7.5;0.18;0.72;9.6;0.039;53;151;0.99802;3.03;0.46;8.9;5
7;0.27;0.48;6.1;0.042;60;184;0.99566;3.2;0.5;9.4;6
5.8;0.32;0.31;2.7;0.049;25;153;0.99067;3.44;0.73;12.2;7
7.4;0.3;0.32;1.7;0.03;23;128;0.9929;3.17;0.66;10.9;5
6.6;0.36;0.24;0.9;0.038;15;72;0.99066;3.23;0.39;11;5
6.7;0.19;0.39;1;0.032;14;71;0.98912;3.31;0.38;13;7
6;0.21;0.34;2;0.042;63;123;0.99052;3.44;0.42;11.4;6
6.5;0.2;0.24;9.2;0.044;25;150;0.99502;3.22;0.44;10.5;5
7.6;0.27;0.34;5;0.04;18;56;0.99084;3.06;0.48;12.4;6
7.2;0.26;0.4;6.3;0.047;52;172;0.99573;3.18;0.53;9.5;6
6.4;0.14;0.31;1.2;0.034;53;138;0.99084;3.38;0.35;11.5;7
6.3;0.25;0.22;3.3;0.048;41;161;0.99256;3.16;0.5;10.5;6
5.5;0.375;0.38;1.7;0.036;17;98;0.99142;3.29;0.39;10.5;6
5.9;0.2;0.4;1.3;0.047;23;92;0.99232;3.2;0.45;10;6
8;0.22;0.31;5.6;0.049;24;97;0.993;3.1;0.42;10.9;5
5.3;0.16;0.39;1;0.028;40;101;0.99156;3.57;0.59;10.6;6
6.9;0.33;0.26;5;0.027;46;143;0.9924;3.25;0.43;11.2;7
7.3;0.21;0.33;1;0.037;66;144;0.9923;3.11;0.52;10.2;6
6.4;0.21;0.28;5.9;0.047;29;101;0.99278;3.15;0.4;11;6
5.6;0.18;0.58;1.25;0.034;29;129;0.98984;3.51;0.6;12;7
5.4;0.23;0.36;1.5;0.03;74;121;0.98976;3.24;0.99;12.1;7
7;0.28;0.32;7.75;0.032;30;114;0.99158;3.12;0.64;12.8;7
6.2;0.16;0.34;1.7;0.038;85;153;0.9909;3.33;0.86;12;7
6.4;0.125;0.36;1.4;0.044;22;68;0.99014;3.15;0.5;11.7;7
6.7;0.42;0.46;9.7;0.054;67;234;0.99848;3.23;0.5;9;5
6.1;0.16;0.37;1.1;0.031;37;97;0.9922;3.4;0.58;10.5;6
6.2;0.36;0.14;8.9;0.036;38;155;0.99622;3.27;0.5;9.4;5
6.2;0.2;0.31;1;0.031;22;73;0.99035;3.24;0.52;11.3;6
6.9;0.14;0.38;1;0.041;22;81;0.99043;3.03;0.54;11.4;6
5.7;0.28;0.28;2.2;0.019;15;65;0.9902;3.06;0.52;11.2;6
6.4;0.16;0.32;8.75;0.038;38;118;0.99449;3.19;0.41;10.7;5
6.7;0.39;0.31;2.7;0.054;27;202;0.9948;3.46;0.57;10.5;6
5.2;0.155;0.33;1.6;0.028;13;59;0.98975;3.3;0.84;11.9;8
7;0.31;0.31;9.1;0.036;45;140;0.99216;2.98;0.31;12;7
5.6;0.21;0.4;1.3;0.041;81;147;0.9901;3.22;0.95;11.6;8
7.7;0.25;0.3;7.8;0.038;67;196;0.99555;3.1;0.5;10.1;5
7;0.12;0.29;10.3;0.039;41;98;0.99564;3.19;0.38;9.8;8
5.1;0.29;0.28;8.3;0.026;27;107;0.99308;3.36;0.37;11;6
6.8;0.26;0.48;6.2;0.049;55;182;0.99582;3.21;0.45;9.4;6
7.4;0.35;0.24;6;0.042;28;123;0.99304;3.14;0.44;11.3;5
6.4;0.12;0.3;1.1;0.031;37;94;0.98986;3.01;0.56;11.7;6
5.8;0.19;0.24;1.3;0.044;38;128;0.99362;3.77;0.6;10.6;5
5.5;0.34;0.26;2.2;0.021;31;119;0.98919;3.55;0.49;13;8
6.6;0.23;0.2;11.4;0.044;45;131;0.99604;2.96;0.51;9.7;6
7;0.2;0.31;8;0.05;29;213;0.99596;3.28;0.57;10.4;6
7.2;0.19;0.31;6.3;0.034;17;103;0.99305;3.15;0.52;11.4;7
5;0.27;0.32;4.5;0.032;58;178;0.98956;3.45;0.31;12.6;7
6.8;0.18;0.28;9.8;0.039;29;113;0.99406;3.11;0.45;10.9;7
7;0.45;0.34;19.8;0.04;12;67;0.9976;3.07;0.38;11;6
5.9;0.34;0.3;3.8;0.035;57;135;0.99016;3.09;0.34;12;6
7.2;0.32;0.3;8.25;0.02;14;104;0.99362;2.99;0.44;11.4;6
8.4;0.22;0.3;8.9;0.024;17;118;0.99456;2.99;0.34;10.5;6
6.8;0.24;0.38;8.3;0.045;50;185;0.99578;3.15;0.5;9.5;6
6.5;0.23;0.45;2.1;0.027;43;104;0.99054;3.02;0.52;11.3;6
6.3;0.2;0.37;11.8;0.045;58;130;0.99519;3.2;0.35;10.8;5
6.2;0.33;0.41;16.8;0.037;58;173;0.99882;3.25;0.57;9.4;6
6.3;0.33;0.42;17.2;0.037;57;170;0.99884;3.26;0.57;9.4;6
7.2;0.21;1;1.1;0.154;46;114;0.9931;2.95;0.43;9.2;6
7.7;0.18;0.53;1.2;0.041;42;167;0.9908;3.11;0.44;11.9;5
6.2;0.25;0.38;7.9;0.045;54;208;0.99572;3.17;0.46;9.1;5
6.8;0.28;0.43;7.6;0.03;30;110;0.99164;3.08;0.59;12.5;8
6.2;0.25;0.54;7;0.046;58;176;0.99454;3.19;0.7;10.4;5
6.4;0.15;0.4;1.5;0.042;23;87;0.98972;3.11;0.46;12.2;7
6.2;0.25;0.54;7;0.046;58;176;0.99454;3.19;0.7;10.4;5
6;0.35;0.51;1.2;0.029;10;102;0.9903;3.46;0.42;11.9;6
9.7;0.24;0.49;4.9;0.032;3;18;0.99368;2.85;0.54;10;6
6.7;0.34;0.4;2.1;0.033;34;111;0.98924;2.97;0.48;12.2;7
7.7;0.26;0.51;2.6;0.045;26;159;0.99126;3;0.5;11.2;6
6.3;0.17;0.32;4.2;0.04;37;117;0.99182;3.24;0.43;11.3;6
6.7;0.21;0.37;2.5;0.034;35;89;0.9913;3.25;0.5;11;7
6.5;0.23;0.39;1.9;0.036;41;98;0.99;3.19;0.43;11.9;7
7.6;0.23;0.34;1.6;0.043;24;129;0.99305;3.12;0.7;10.4;5
5.5;0.18;0.22;5.5;0.037;10;86;0.99156;3.46;0.44;12.2;5
6.3;0.35;0.26;17.6;0.061;59;198;0.99918;3.11;0.49;8.8;5
6.3;0.17;0.32;4.2;0.04;37;117;0.99182;3.24;0.43;11.3;6
6.6;0.39;0.39;11.9;0.057;51;221;0.99851;3.26;0.51;8.9;6
6.2;0.23;0.36;17.2;0.039;37;130;0.99946;3.23;0.43;8.8;6
7.1;0.36;0.37;4.8;0.019;39;114;0.99036;3.08;0.49;12.7;7
6.2;0.19;0.38;5.1;0.019;22;82;0.98961;3.05;0.36;12.5;6
6.7;0.33;0.36;6.6;0.042;34;116;0.99123;2.97;0.31;12.2;8
5.5;0.12;0.33;1;0.038;23;131;0.99164;3.25;0.45;9.8;5
8.3;0.16;0.37;7.9;0.025;38;107;0.99306;2.93;0.37;11.9;6
5.7;0.16;0.32;1.2;0.036;7;89;0.99111;3.26;0.48;11;5
6.4;0.22;0.38;9.1;0.044;35;127;0.99326;2.97;0.3;11;7
5.2;0.31;0.36;5.1;0.031;46;145;0.9897;3.14;0.31;12.4;7
6.8;0.28;0.34;7.5;0.035;34;177;0.99692;3.33;0.43;9.1;5
6.8;0.45;0.36;5;0.033;28;156;0.991;3.11;0.4;12.4;7
6.4;0.21;0.34;16.05;0.04;56;142;0.99678;3.11;0.38;10.6;5
8.2;0.3;0.44;12.4;0.043;52;154;0.99452;3.04;0.33;12;6
7.1;0.14;0.33;1;0.104;20;54;0.99057;3.19;0.64;11.5;6
8.2;0.3;0.44;12.4;0.043;52;154;0.99452;3.04;0.33;12;6
6.6;0.33;0.4;2.65;0.041;35;86;0.98916;3.11;0.39;13.3;7
5.7;0.2;0.3;2.5;0.046;38;125;0.99276;3.34;0.5;9.9;6
6.4;0.23;0.35;4.6;0.039;43;147;0.99216;3.18;0.4;11;7
7.6;0.27;0.29;2.5;0.059;37;115;0.99328;3.09;0.37;9.8;5
5.8;0.3;0.42;1.1;0.036;19;113;0.98871;3.1;0.46;12.6;7
7;0.29;0.35;1.4;0.036;42;109;0.99119;3.31;0.62;11.6;6
6.4;0.25;0.37;4.5;0.039;41;147;0.9921;3.18;0.4;11.1;7
6.4;0.23;0.35;4.6;0.039;43;147;0.99216;3.18;0.4;11;7
7.4;0.19;0.31;14.5;0.045;39;193;0.9986;3.1;0.5;9.2;6
6.4;0.15;0.29;1.8;0.044;21;115;0.99166;3.1;0.38;10.2;5
6.6;0.23;0.3;4.6;0.06;29;154;0.99142;3.23;0.49;12.2;8
6.6;0.38;0.36;9.2;0.061;42;214;0.9976;3.31;0.56;9.4;5
7.4;0.16;0.32;1.4;0.065;23;140;0.99134;3.06;0.47;11.4;6
6.4;0.15;0.29;1.8;0.044;21;115;0.99166;3.1;0.38;10.2;5
6.8;0.21;0.31;2.9;0.046;40;121;0.9913;3.07;0.65;10.9;7
6.6;0.2;0.14;4.4;0.184;35;168;0.99396;2.93;0.45;9.4;6
6.3;0.24;0.35;2.3;0.039;43;109;0.99056;3.34;0.44;11.8;6
6.6;0.24;0.28;6.7;0.032;26;91;0.99172;3.13;0.32;12.3;6
6.4;0.35;0.28;12.6;0.039;19;124;0.99539;3.2;0.43;10.6;6
7.5;0.29;0.36;15.7;0.05;29;124;0.9968;3.06;0.54;10.4;5
6.8;0.25;0.28;5;0.035;42;126;0.99048;3.12;0.38;12.6;7
6.7;0.23;0.33;8.1;0.048;45;176;0.99472;3.11;0.52;10.1;6
6.9;0.38;0.29;13.65;0.048;52;189;0.99784;3;0.6;9.5;6
7.2;0.27;0.28;15.2;0.046;6;41;0.99665;3.17;0.39;10.9;6
6.4;0.17;0.27;9.9;0.047;26;101;0.99596;3.34;0.5;9.9;6
6.7;0.36;0.28;8.3;0.034;29;81;0.99151;2.96;0.39;12.5;6
6.4;0.17;0.27;9.9;0.047;26;101;0.99596;3.34;0.5;9.9;6
6;0.22;0.28;1.1;0.034;47;90;0.98862;3.22;0.38;12.6;6
7.6;0.2;0.26;4.8;0.033;26;76;0.99076;2.98;0.49;12.3;7
7.6;0.36;0.49;11.3;0.046;87;221;0.9984;3.01;0.43;9.2;5
6.5;0.28;0.34;3.6;0.04;29;121;0.99111;3.28;0.48;12.1;7
6.4;0.22;0.32;4.9;0.046;50;156;0.99316;3.38;0.55;11.2;6
6.8;0.23;0.3;6.95;0.044;42;179;0.9946;3.25;0.56;10.6;6
6.9;0.28;0.3;8.3;0.026;37;113;0.99139;2.99;0.38;12.3;8
6.5;0.25;0.45;7.8;0.048;52;188;0.99576;3.2;0.53;9.1;5
6.8;0.24;0.29;9.5;0.042;56;157;0.99586;3.11;0.51;10.1;6
6.1;0.3;0.3;2.1;0.031;50;163;0.9895;3.39;0.43;12.7;7
7.6;0.28;0.49;20.15;0.06;30;145;1.00196;3.01;0.44;8.5;5
7.1;0.18;0.39;14.5;0.051;48;156;0.99947;3.35;0.78;9.1;5
6.4;0.32;0.27;4.9;0.034;18;122;0.9916;3.36;0.71;12.5;6
7.1;0.18;0.39;15.25;0.047;45;158;0.99946;3.34;0.77;9.1;6
7.8;0.29;0.29;3.15;0.044;41;117;0.99153;3.24;0.35;11.5;5
8.2;0.34;0.29;5.2;0.076;19;92;0.99138;2.95;0.39;12.5;6
6.7;0.4;0.22;8.8;0.052;24;113;0.99576;3.22;0.45;9.4;5
6.8;0.17;0.32;1.4;0.04;35;106;0.99026;3.16;0.66;12;5
6.7;0.3;0.44;18.75;0.057;65;224;0.99956;3.11;0.53;9.1;5
6.7;0.24;0.3;3.85;0.042;105;179;0.99189;3.04;0.59;11.3;8
6.2;0.3;0.31;1.6;0.035;40;106;0.98914;3.26;0.39;12.9;7
6.9;0.29;0.41;7.8;0.046;52;171;0.99537;3.12;0.51;9.6;5
6.8;0.19;0.4;9.85;0.055;41;103;0.99532;2.98;0.56;10.5;6
5.9;0.32;0.28;4.7;0.039;34;94;0.98964;3.22;0.57;13.1;7
6.5;0.3;0.27;4;0.038;37;97;0.99026;3.2;0.6;12.6;8
5.8;0.22;0.3;1.1;0.047;36;131;0.992;3.26;0.45;10.4;5
6.7;0.28;0.31;7.4;0.041;7;81;0.99254;3.04;0.47;11.4;8
6;0.28;0.27;15.5;0.036;31;134;0.99408;3.19;0.44;13;7
6;0.24;0.28;3.95;0.038;61;134;0.99146;3.3;0.54;11.3;7
6.1;0.33;0.3;3;0.036;30;124;0.98922;3.31;0.4;13.1;7
6.7;0.29;0.45;14.3;0.054;30;181;0.99869;3.14;0.57;9.1;5
6.9;0.33;0.62;7.5;0.038;46;132;0.99143;3.23;0.43;13.4;7
7.1;0.35;0.27;3.1;0.034;28;134;0.9897;3.26;0.38;13.1;7
6.6;0.22;0.3;14.7;0.045;50;136;0.99704;3.14;0.37;10.6;6
7.2;0.31;0.35;7.2;0.046;45;178;0.9955;3.14;0.53;9.7;5
7.8;0.28;0.25;3.4;0.024;27;99;0.98959;2.98;0.37;13;6
6;0.33;0.2;1.8;0.031;49;159;0.9919;3.41;0.53;11;6
5.7;0.22;0.22;16.65;0.044;39;110;0.99855;3.24;0.48;9;6
7.6;0.37;0.34;3.2;0.028;42;162;0.9903;3.01;0.33;12.4;6
6.6;0.64;0.28;4.4;0.032;19;78;0.99036;3.11;0.62;12.9;6
8;0.25;0.27;9.7;0.036;15;85;0.99406;2.99;0.36;11.2;6
7.6;0.38;0.28;4.2;0.029;7;112;0.9906;3;0.41;12.6;6
8;0.25;0.27;9.7;0.036;15;85;0.99406;2.99;0.36;11.2;6
6.9;0.26;0.27;4.2;0.031;20;80;0.99089;3.12;0.39;11.5;6
8.1;0.17;0.21;1.6;0.036;24;119;0.99396;3.18;0.52;10.1;6
7.5;0.3;0.21;6.55;0.026;33;143;0.99244;2.92;0.35;11.1;5
7;0.24;0.35;1;0.032;42;104;0.98988;3.16;0.37;11.7;7
6.4;0.28;0.36;1.3;0.053;28;186;0.99211;3.31;0.45;10.8;5
6.6;0.39;0.38;9.7;0.053;49;226;0.99787;3.3;0.57;9.4;6
7.4;0.36;0.23;1.9;0.017;31;69;0.9892;2.93;0.36;12.5;6
6.4;0.38;0.24;7.2;0.047;41;151;0.99604;3.11;0.6;9.2;5
6.8;0.14;0.18;1.4;0.047;30;90;0.99164;3.27;0.54;11.2;6
7;0.16;0.25;14.3;0.044;27;149;0.998;2.91;0.46;9.2;6
6.7;0.35;0.48;8.8;0.056;35;167;0.99628;3.04;0.47;9.4;5
6.3;0.2;0.26;4.7;0.04;108;168;0.99278;3.07;0.75;10.7;7
7.6;0.31;0.27;8.8;0.021;57;156;0.99442;3.08;0.38;11;7
6.5;0.26;0.39;1.4;0.02;12;66;0.99089;3.25;0.75;11.3;7
7.2;0.33;0.22;4.5;0.031;10;73;0.99076;2.97;0.52;12.2;7
7.3;0.31;0.25;6.65;0.032;30;138;0.99244;2.9;0.37;11.1;5
7.1;0.28;0.28;8.5;0.03;25;191;0.99338;3.16;0.46;12.2;7
5.8;0.32;0.28;4.3;0.032;46;115;0.98946;3.16;0.57;13;8
6.5;0.27;0.26;11;0.03;2;82;0.99402;3.07;0.36;11.2;5
5.9;0.37;0.32;1.6;0.029;41;102;0.98916;3.41;0.55;12.7;7
6.2;0.21;0.18;11.6;0.044;61;155;0.99655;3.14;0.52;9.4;6
6.9;0.58;0.58;8.2;0.032;29;169;0.99275;3.28;0.44;12.2;6
7.2;0.23;0.25;18.8;0.085;19;111;1.00044;3.1;0.51;8.7;5
6.8;0.15;0.41;12.9;0.044;79.5;183;0.99742;3.24;0.78;10.2;6
7.6;0.3;0.37;1.6;0.087;27;177;0.99438;3.09;0.5;9.8;5
7.2;0.23;0.25;18.8;0.085;19;111;1.00044;3.1;0.51;8.7;5
7;0.3;0.27;1.5;0.076;24;145;0.99344;3.1;0.52;10.1;5
7.5;0.24;0.31;13.1;0.05;26;180;0.99884;3.05;0.53;9.1;6
7.7;0.35;0.46;11.8;0.088;61;183;0.99786;2.86;0.47;9;5
6.7;0.31;0.09;1.4;0.039;53;141;0.99206;3.12;0.44;10.1;5
6.3;0.2;0.18;10.6;0.045;57;159;0.99666;3.09;0.54;9.2;5
6.6;0.3;0.45;8;0.038;54;200;0.9956;3.18;0.48;9.5;5
6.6;0.26;0.28;9.4;0.028;13;121;0.99254;3.17;0.34;12.1;6
7;0.34;0.26;10.3;0.041;51;166;0.99382;3.08;0.35;11.6;6
6;0.21;0.29;13.1;0.042;28;125;0.99936;3.39;0.45;8.6;5
7;0.15;0.28;14.7;0.051;29;149;0.99792;2.96;0.39;9;7
7;0.15;0.28;14.7;0.051;29;149;0.99792;2.96;0.39;9;7
6.8;0.22;0.3;10.6;0.07;67;194;0.99654;2.89;0.42;9;6
7;0.15;0.28;14.7;0.051;29;149;0.99792;2.96;0.39;9;7
5.4;0.46;0.15;2.1;0.026;29;130;0.98953;3.39;0.77;13.4;8
5;0.61;0.12;1.3;0.009;65;100;0.9874;3.26;0.37;13.5;5
6.7;0.42;0.39;12.1;0.04;61;248;0.99794;3.31;0.58;9.7;5
6.4;0.27;0.45;8.3;0.05;52;196;0.9955;3.18;0.48;9.5;5
7.4;0.29;0.48;12.8;0.037;61.5;182;0.99808;3.02;0.34;8.8;5
6.5;0.26;0.5;8;0.051;46;197;0.99536;3.18;0.47;9.5;5
6.3;0.32;0.26;12;0.049;63;170;0.9961;3.14;0.55;9.9;6
6.5;0.25;0.27;17.4;0.064;29;140;0.99776;3.2;0.49;10.1;6
7.9;0.21;0.39;2;0.057;21;138;0.99176;3.05;0.52;10.9;5
7;0.39;0.21;10.7;0.098;13;91;0.99657;3.03;0.47;9.3;5
6.3;0.43;0.32;8.8;0.042;18;106;0.99172;3.28;0.33;12.9;7
6.8;0.41;0.3;8.8;0.045;28;131;0.9953;3.12;0.59;9.9;5
5.1;0.35;0.26;6.8;0.034;36;120;0.99188;3.38;0.4;11.5;6
7;0.33;0.28;5.7;0.033;39;204;0.99176;3.17;0.64;12.5;6
7.3;0.24;0.3;2.5;0.042;31;104;0.9911;3.05;0.56;11.3;7
5.1;0.23;0.18;1;0.053;13;99;0.98956;3.22;0.39;11.5;5
7.1;0.44;0.23;5.8;0.035;24;100;0.99062;3.15;0.57;13.2;7
6.8;0.31;0.19;3.5;0.086;30;130;0.993;2.83;0.44;9.6;5
6.5;0.41;0.22;4.8;0.052;49;142;0.9946;3.14;0.62;9.2;5
6.7;0.37;0.25;2.5;0.028;24;84;0.9909;3.14;0.36;11.7;6
6.6;0.21;0.5;8.7;0.036;41;191;0.99294;2.96;0.56;11;6
6.6;0.32;0.26;4.6;0.031;26;120;0.99198;3.4;0.73;12.5;7
6.7;0.26;0.51;8;0.062;50;194;0.99545;3.13;0.5;9.6;5
6.1;0.22;0.28;16.55;0.059;54;135;0.99665;3.2;0.38;10.5;5
6;0.28;0.24;17.8;0.047;42;111;0.99896;3.1;0.45;8.9;6
7;0.24;0.3;12.3;0.035;72;172;0.9954;2.99;0.57;10.4;6
6.5;0.33;0.3;3.8;0.036;34;88;0.99028;3.25;0.63;12.5;7
6.2;0.39;0.24;4.8;0.037;45;138;0.99174;3.23;0.43;11.2;7
7.2;0.25;0.32;1.5;0.054;24;105;0.99154;3.17;0.48;11.1;6
4.7;0.455;0.18;1.9;0.036;33;106;0.98746;3.21;0.83;14;7
7.1;0.37;0.3;6.2;0.04;49;139;0.99021;3.17;0.27;13.6;6
6.2;0.28;0.51;7.9;0.056;49;206;0.9956;3.18;0.52;9.4;5
6.6;0.31;0.28;1.4;0.035;28;107;0.98836;3;0.4;13.2;6
7.3;0.27;0.3;1.3;0.04;26;84;0.99222;3.28;0.53;10.7;6
8.2;0.18;0.38;1.1;0.04;41;92;0.99062;2.88;0.6;12;6
6.9;0.4;0.37;8.9;0.053;36;148;0.996;3.16;0.5;9.3;5
7.2;0.23;0.39;1.5;0.053;26;106;0.99166;3.18;0.47;11.1;6
6.4;0.2;0.15;6.6;0.046;26;113;0.99408;2.99;0.58;9.9;6
4.9;0.345;0.34;1;0.068;32;143;0.99138;3.24;0.4;10.1;5
7;0.16;0.3;2.6;0.043;34;90;0.99047;2.88;0.47;11.2;6
7.5;0.35;0.48;12.4;0.056;61;176.5;0.99803;2.97;0.52;8.8;5
6.4;0.17;0.3;2.8;0.034;33;125;0.99152;3.03;0.49;10.4;6
6.3;0.27;0.51;7.6;0.049;35;200;0.99548;3.16;0.54;9.4;4
6.1;0.24;0.26;1.7;0.033;61;134;0.9903;3.19;0.81;11.9;7
6.3;0.22;0.27;4.5;0.036;81;157;0.9928;3.05;0.76;10.7;7
5.6;0.23;0.25;8;0.043;31;101;0.99429;3.19;0.42;10.4;6
6.8;0.11;0.27;8.6;0.044;45;104;0.99454;3.2;0.37;9.9;6
6.8;0.11;0.27;8.6;0.044;45;104;0.99454;3.2;0.37;9.9;6
7.3;0.23;0.41;14.6;0.048;73;223;0.99863;3.16;0.71;9.4;6
6.9;0.2;0.41;1.1;0.06;36;104;0.99317;2.99;0.39;9.2;5
6.7;0.28;0.34;8.9;0.048;32;111;0.99455;3.25;0.54;11;7
6.4;0.24;0.49;5.8;0.053;25;120;0.9942;3.01;0.98;10.5;6
6.8;0.22;0.32;5.9;0.054;40;152;0.9938;3.2;0.57;10.8;6
6;0.26;0.29;3.1;0.041;37;144;0.98944;3.22;0.39;12.8;7
7.2;0.4;0.24;8.5;0.055;45;151;0.99626;3.2;0.52;9.2;5
7.6;0.19;0.37;13.1;0.033;52;151;0.99726;3.18;0.79;10.4;6
6.1;0.28;0.3;7.75;0.031;33;139;0.99296;3.22;0.46;11;6
6.4;0.29;0.57;1;0.06;15;120;0.9924;3.06;0.41;9.5;5
6.8;0.27;0.22;17.8;0.034;16;116;0.9989;3.07;0.53;9.2;5
7.3;0.33;0.22;1.4;0.041;40;177;0.99287;3.14;0.48;9.9;5
7.3;0.34;0.22;1.4;0.044;43;176;0.99286;3.14;0.46;9.9;5
6.3;0.24;0.29;1.6;0.052;48;185;0.9934;3.21;0.5;9.4;5
6.2;0.24;0.22;7.9;0.053;45;149;0.99545;3.23;0.52;9.3;5
7.4;0.16;0.27;15.5;0.05;25;135;0.9984;2.9;0.43;8.7;7
7.4;0.16;0.27;15.5;0.05;25;135;0.9984;2.9;0.43;8.7;7
7.4;0.16;0.27;15.5;0.05;25;135;0.9984;2.9;0.43;8.7;7
6.8;0.3;0.27;11.6;0.028;22;97;0.99314;2.96;0.38;11.7;6
7.4;0.16;0.27;15.5;0.05;25;135;0.9984;2.9;0.43;8.7;7
6.8;0.3;0.27;11.6;0.028;22;97;0.99314;2.96;0.38;11.7;6
6.9;0.19;0.35;13.5;0.038;49;118;0.99546;3;0.63;10.7;6
6.2;0.24;0.28;12.2;0.049;54;133;0.9952;3.19;0.37;10.7;6
5.7;0.25;0.21;1.5;0.044;21;108;0.99142;3.3;0.59;11;6
5.7;0.25;0.27;10.8;0.05;58;116;0.99592;3.1;0.5;9.8;6
6.2;0.3;0.32;1.2;0.052;32;185;0.99266;3.28;0.44;10.1;5
6.5;0.33;0.24;14.5;0.048;20;96;0.99456;3.06;0.3;11.5;8
6.5;0.21;0.42;1.1;0.059;33;101;0.9927;3.12;0.38;9.7;6
6.4;0.5;0.2;2.4;0.059;19;112;0.99314;3.18;0.4;9.2;6
6.6;0.21;0.34;5.6;0.046;30;140;0.99299;3.22;0.38;11;5
6.9;0.45;0.27;4.7;0.035;17;80;0.99058;3.12;0.36;12.5;7
6.5;0.43;0.31;3.6;0.046;19;143;0.99022;3.15;0.34;12;8
6.3;0.23;0.22;17.45;0.054;42;151;0.99853;3.12;0.6;9.3;6
6.3;0.17;0.23;5.7;0.048;44;147;0.99382;3.08;0.54;10;5
6.8;0.27;0.28;7.8;0.038;26;89;0.9915;3.24;0.34;12.5;6
5.9;0.27;0.27;9;0.051;43;136;0.9941;3.25;0.53;10.7;6
6.8;0.28;0.29;11.9;0.052;51;149;0.99544;3.02;0.58;10.4;6
6.2;0.2;0.25;15;0.055;8;120;0.99767;3.19;0.53;9.6;6
5.8;0.24;0.28;1.4;0.038;40;76;0.98711;3.1;0.29;13.9;7
7.6;0.48;0.31;9.4;0.046;6;194;0.99714;3.07;0.61;9.4;5
6.2;0.32;0.5;6.5;0.048;61;186;0.9948;3.19;0.45;9.6;5
7.4;0.16;0.3;13.7;0.056;33;168;0.99825;2.9;0.44;8.7;7
7.4;0.16;0.3;13.7;0.056;33;168;0.99825;2.9;0.44;8.7;7
6.6;0.22;0.35;1.4;0.05;23;83;0.99019;3.17;0.48;12;7
7.4;0.16;0.3;13.7;0.056;33;168;0.99825;2.9;0.44;8.7;7
6.8;0.24;0.33;3.2;0.049;68;161;0.99324;3.1;0.69;10.2;6
6.4;0.25;0.33;1.7;0.037;35;113;0.99164;3.23;0.66;10.6;6
6.9;0.24;0.4;15.4;0.052;81;198;0.9986;3.2;0.69;9.4;5
6.6;0.25;0.32;5.6;0.039;15;68;0.99163;2.96;0.52;11.1;6
7.5;0.38;0.56;9.7;0.055;15;170;0.99605;3.13;0.65;9.9;6
5.3;0.33;0.3;1.2;0.048;25;119;0.99045;3.32;0.62;11.3;6
8.1;0.27;0.33;1.3;0.045;26;100;0.99066;2.98;0.44;12.4;6
7;0.44;0.24;12.1;0.056;68;210;0.99718;3.05;0.5;9.5;5
7;0.44;0.24;12.1;0.056;68;210;0.99718;3.05;0.5;9.5;5
7;0.44;0.24;12.1;0.056;68;210;0.99718;3.05;0.5;9.5;5
6.1;0.38;0.14;3.9;0.06;27;113;0.99344;3.07;0.34;9.2;4
7;0.44;0.24;12.1;0.056;68;210;0.99718;3.05;0.5;9.5;5
6.3;0.28;0.34;8.1;0.038;44;129;0.99248;3.26;0.29;12.1;6
6.1;0.38;0.14;3.9;0.06;27;113;0.99344;3.07;0.34;9.2;4
5.3;0.43;0.11;1.1;0.029;6;51;0.99076;3.51;0.48;11.2;4
6.2;0.345;0.27;10.1;0.056;38;187;0.99486;3.31;0.56;10.6;5
5.2;0.2;0.27;3.2;0.047;16;93;0.99235;3.44;0.53;10.1;7
6.3;0.23;0.33;6.9;0.052;23;118;0.9938;3.23;0.46;10.4;6
6.4;0.29;0.18;15;0.04;21;116;0.99736;3.14;0.5;9.2;5
6.4;0.29;0.18;15;0.04;21;116;0.99736;3.14;0.5;9.2;5
6.4;0.29;0.18;15;0.04;21;116;0.99736;3.14;0.5;9.2;5
6.8;0.26;0.26;2;0.019;23.5;72;0.99041;3.16;0.47;11.8;6
6.6;0.36;0.47;1.4;0.145;26;124;0.99274;3.09;0.56;10.1;6
6;0.33;0.26;5.1;0.051;16;119;0.99416;3.15;0.41;9.2;5
6.9;0.52;0.54;7.9;0.036;23;169;0.99267;3.26;0.47;12.2;6
6.2;0.36;0.22;5.25;0.038;44;145;0.99184;3.22;0.4;11.2;6
6.6;0.21;0.3;9.9;0.041;64;174;0.995;3.07;0.5;10.1;6
5.7;0.22;0.2;16;0.044;41;113;0.99862;3.22;0.46;8.9;6
5.7;0.22;0.2;16;0.044;41;113;0.99862;3.22;0.46;8.9;6
5.7;0.22;0.2;16;0.044;41;113;0.99862;3.22;0.46;8.9;6
5.7;0.22;0.2;16;0.044;41;113;0.99862;3.22;0.46;8.9;6
6.2;0.24;0.27;16.8;0.04;48;129;0.99691;3.23;0.38;10.5;6
5.7;0.22;0.2;16;0.044;41;113;0.99862;3.22;0.46;8.9;6
7.6;0.28;0.17;1.6;0.046;28;117;0.99288;3.08;0.43;10;5
5.7;0.26;0.24;17.8;0.059;23;124;0.99773;3.3;0.5;10.1;5
7.2;0.21;0.36;15.7;0.045;68;183;0.99922;3.25;0.76;9.4;5
6.4;0.29;0.3;6.5;0.209;62;156;0.99478;3.1;0.4;9.4;5
7.2;0.34;0.23;8.9;0.105;22;155;0.99692;3.01;0.58;9.5;5
6.6;0.34;0.25;4.8;0.038;16;121;0.99198;3.36;0.71;12.6;6
6.7;0.41;0.24;5.4;0.035;33;115;0.9901;3.12;0.44;12.8933333333333;7
6.3;0.28;0.22;11.5;0.036;27;150;0.99445;3;0.33;10.6;6
7.4;0.38;0.34;8.3;0.052;44;168;0.99627;3.11;0.52;9.2;5
6.4;0.24;0.26;8.2;0.054;47;182;0.99538;3.12;0.5;9.5;5
6.4;0.24;0.26;8.2;0.054;47;182;0.99538;3.12;0.5;9.5;5
7.3;0.19;0.27;13.9;0.057;45;155;0.99807;2.94;0.41;8.8;8
7.6;0.31;0.52;13.2;0.042;61;148;0.99839;2.98;0.47;9.1;6
6.4;0.31;0.28;2.5;0.039;34;137;0.98946;3.22;0.38;12.7;6
7.3;0.28;0.35;1.6;0.054;31;148;0.99178;3.18;0.47;10.7;5
6.4;0.31;0.27;7.4;0.049;48;169;0.99323;3.27;0.45;11.1;6
6.3;0.19;0.33;10.1;0.063;63;133;0.99561;2.86;0.41;9.1;5
6.5;0.22;0.19;4.5;0.096;16;115;0.9937;3.02;0.44;9.6;5
6;0.32;0.32;4.8;0.041;40;186;0.99235;3.22;0.54;11;6
6.1;0.34;0.21;5;0.042;17;133;0.99373;3.02;0.53;9.4;5
6.5;0.13;0.27;2.6;0.035;32;76;0.9914;3.21;0.76;11.3333333333333;6
6.4;0.3;0.27;5;0.058;27;151;0.99198;3.22;0.49;12.2;6
7.1;0.38;0.29;13.6;0.041;30;137;0.99461;3.02;0.96;12.1;6
6.5;0.29;0.3;9.15;0.051;25;166;0.99339;3.24;0.56;11.35;6
6.6;0.27;0.25;1.2;0.033;36;111;0.98918;3.16;0.37;12.4;6
6.7;0.34;0.31;16.4;0.051;20;146;0.99834;3.06;0.54;9.1;5
5;0.35;0.25;7.8;0.031;24;116;0.99241;3.39;0.4;11.3;6
4.4;0.46;0.1;2.8;0.024;31;111;0.98816;3.48;0.34;13.1;6
6.4;0.28;0.22;12.8;0.039;51;150;0.99535;3.23;0.43;10.7;6
6.3;0.3;0.19;7.7;0.049;47;184;0.99514;3.22;0.48;9.5;5
6.3;0.39;0.22;2.8;0.048;53;173;0.99304;3.24;0.45;9.8;5
6;0.28;0.29;19.3;0.051;36;174;0.99911;3.14;0.5;9;5
7.7;0.28;0.24;2.4;0.044;29;157;0.99312;3.27;0.56;10.6;6
6.6;0.26;0.56;15.4;0.053;32;141;0.9981;3.11;0.49;9.3;5
7;0.28;0.28;1.4;0.039;12;83;0.99173;3.18;0.65;11.1;5
5.7;0.25;0.22;9.8;0.049;50;125;0.99571;3.2;0.45;10.1;6
5.9;0.22;0.45;22.6;0.12;55;122;0.99636;3.1;0.35;12.8;5
6.4;0.32;0.26;7.9;0.05;53;180;0.99514;3.14;0.5;9.6;5
7.8;0.27;0.33;2.4;0.053;36;175;0.992;3.2;0.55;11;6
9;0.2;0.33;3.5;0.049;10;40;0.9944;3.14;0.36;9.8;6
5.8;0.31;0.31;7.5;0.052;55;230;0.9949;3.19;0.46;9.8;5
6.7;0.18;0.25;14.3;0.048;79;149;0.9975;3.12;0.37;9.7;5
5.8;0.27;0.22;12.7;0.058;42;206;0.9946;3.32;0.38;12.3;6
7.3;0.28;0.54;12.9;0.049;62;162.5;0.9984;3.06;0.45;9.1;6
6.1;0.25;0.18;10.5;0.049;41;124;0.9963;3.14;0.35;10.5;5
6;0.23;0.34;1.3;0.025;23;111;0.98961;3.36;0.37;12.7;6
6.9;0.28;0.37;9.1;0.037;16;76;0.9948;3.05;0.54;11.1;5
6.3;0.25;0.53;1.8;0.021;41;101;0.989315;3.19;0.31;13;6
6.5;0.2;0.31;2.1;0.033;32;95;0.989435;2.96;0.61;12;6
6.1;0.37;0.46;12;0.042;61;210;0.997;3.17;0.59;9.7;6
5.6;0.26;0.27;10.6;0.03;27;119;0.9947;3.4;0.34;10.7;7
6.4;0.3;0.27;4.4;0.055;17;135;0.9925;3.23;0.44;12.2;6
5.9;0.3;0.29;1.1;0.036;23;56;0.9904;3.19;0.38;11.3;5
6.4;0.23;0.37;7.9;0.05;60;150;0.99488;2.86;0.49;9.3;6
5.9;0.34;0.25;2;0.042;12;110;0.99034;3.02;0.54;11.4;6
6.4;0.33;0.3;7.2;0.041;42;168;0.99331;3.22;0.49;11.1;6
6.5;0.36;0.31;13.55;0.053;20;113;0.99544;3.2;0.56;11;6
5;0.33;0.18;4.6;0.032;40;124;0.99114;3.18;0.4;11;6
6.1;0.19;0.37;2.6;0.041;24;99;0.99153;3.18;0.5;10.9;6
6.1;0.19;0.37;2.6;0.041;24;99;0.99153;3.18;0.5;10.9;6
5.6;0.24;0.34;2;0.041;14;73;0.98981;3.04;0.45;11.6;7
5.7;0.25;0.32;12.2;0.041;43;127;0.99524;3.23;0.53;10.4;7
5.8;0.26;0.29;1;0.042;35;101;0.99044;3.36;0.48;11.4;7
6;0.29;0.41;10.8;0.048;55;149;0.9937;3.09;0.59;10.9666666666667;7
6;0.17;0.33;6;0.036;30;111;0.99362;3.32;0.58;10.15;7
5.9;0.44;0.33;1.2;0.049;12;117;0.99134;3.46;0.44;11.5;5
6.6;0.285;0.49;11.4;0.035;57;137;0.99732;3.08;0.54;8.9;6
4.9;0.335;0.14;1.3;0.036;69;168;0.99212;3.47;0.46;10.4666666666667;5
6.5;0.25;0.32;9.9;0.045;41;128;0.99636;3.18;0.52;9.6;6
4.7;0.335;0.14;1.3;0.036;69;168;0.99212;3.47;0.46;10.5;5
6.8;0.63;0.04;1.3;0.058;25;133;0.99271;3.17;0.39;10.2;4
6.8;0.32;0.33;0.7;0.027;15;66;0.9899;3.11;0.31;11.8;6
6.8;0.63;0.04;1.3;0.058;25;133;0.99271;3.17;0.39;10.2;4
6.7;0.16;0.32;12.5;0.035;18;156;0.99666;2.88;0.36;9;6
6;0.36;0.32;1.1;0.053;26;173;0.99414;3.38;0.54;8.8;5
6.9;0.19;0.31;19.25;0.043;38;167;0.99954;2.93;0.52;9.1;7
6.4;0.69;0.09;7.6;0.044;34;144;0.9948;3.26;0.38;10.1;6
7.2;0.33;0.28;1.4;0.034;26;109;0.99246;3.28;0.57;10.6;6
6.1;0.22;0.4;1.85;0.031;25;111;0.98966;3.03;0.3;11.8;7
5.3;0.31;0.38;10.5;0.031;53;140;0.99321;3.34;0.46;11.7;6
5.5;0.16;0.31;1.2;0.026;31;68;0.9898;3.33;0.44;11.6333333333333;6
6;0.17;0.36;1.7;0.042;14;61;0.99144;3.22;0.54;10.8;6
5.6;0.26;0.5;11.4;0.029;25;93;0.99428;3.23;0.49;10.5;6
6.1;0.34;0.24;18.35;0.05;33;184;0.99943;3.12;0.61;9.3;5
6;0.14;0.37;1.2;0.032;63;148;0.99185;3.32;0.44;11.2;5
6.4;0.19;0.35;10.2;0.043;40;106;0.99632;3.16;0.5;9.7;6
6;0.38;0.26;3.5;0.035;38;111;0.98872;3.18;0.47;13.6;7
6.8;0.27;0.3;13;0.047;69;160;0.99705;3.16;0.5;9.6;6
6.8;0.27;0.3;13;0.047;69;160;0.99705;3.16;0.5;9.6;6
5.8;0.27;0.4;1.2;0.076;47;130;0.99185;3.13;0.45;10.3;6
5.8;0.3;0.09;6.3;0.042;36;138;0.99382;3.15;0.48;9.7;5
6.7;0.3;0.5;12.1;0.045;38;127;0.9974;3.04;0.53;8.9;6
6.7;0.3;0.5;12.1;0.045;38;127;0.9974;3.04;0.53;8.9;6
6;0.32;0.3;7.3;0.174;46;159;0.99519;3.18;0.49;9.4;5
5.7;0.33;0.32;1.4;0.043;28;93;0.9897;3.31;0.5;12.3;6
5.9;0.32;0.19;14.5;0.042;37;115;0.99684;3.16;0.43;10.3;5
6.2;0.26;0.2;8;0.047;35;111;0.99445;3.11;0.42;10.4;6
6;0.2;0.33;1.1;0.039;45;126;0.99051;3.31;0.45;11.6;7
7.3;0.35;0.67;8.3;0.053;10;100;0.9959;3.19;0.5;10.9;5
5.4;0.375;0.4;3.3;0.054;29;147;0.99482;3.42;0.52;9.1;5
6.2;0.76;0.01;3.2;0.041;18;120;0.99026;3.2;0.94;13.7;7
6.5;0.28;0.34;4.6;0.054;22;130;0.99193;3.2;0.46;12;7
6;0.34;0.29;6.1;0.046;29;134;0.99462;3.48;0.57;10.7;6
6.4;0.23;0.35;10.3;0.042;54;140;0.9967;3.23;0.47;9.2;5
5.9;0.32;0.26;1.5;0.057;17;141;0.9917;3.24;0.36;10.7;5
6.5;0.28;0.38;7.8;0.031;54;216;0.99154;3.03;0.42;13.1;6
6.2;0.28;0.57;1;0.043;50;92;0.99004;3.17;0.36;11.5;6
4.8;0.29;0.23;1.1;0.044;38;180;0.98924;3.28;0.34;11.9;6
6.4;0.33;0.44;8.9;0.055;52;164;0.99488;3.1;0.48;9.6;5
7.1;0.23;0.39;13.7;0.058;26;172;0.99755;2.9;0.46;9;6
6.4;0.35;0.51;7.8;0.055;53;177;0.99502;3.12;0.45;9.6;5
6.2;0.36;0.32;4;0.036;44;92;0.98936;3.2;0.5;13.3;7
5.3;0.6;0.34;1.4;0.031;3;60;0.98854;3.27;0.38;13;6
5.7;0.21;0.32;1.6;0.03;33;122;0.99044;3.33;0.52;11.9;6
6.5;0.33;0.38;8.3;0.048;68;174;0.99492;3.14;0.5;9.6;5
6.6;0.32;0.36;8;0.047;57;168;0.9949;3.15;0.46;9.6;5
